type,amount,nameOrig,oldbalanceOrg,newbalanceOrig,nameDest,oldbalanceDest,newbalanceDest,isFraud,isFlaggedFraud
CASH_OUT,530354.58,C1119661582,530354.58,0.0,C1171953426,4728783.51,5259138.09,1,0
TRANSFER,5429153.98,C2027207246,5429153.98,0.0,C1388180627,0.0,0.0,1,0
CASH_OUT,834592.4,C851101642,834592.4,0.0,C1583598303,236428.35,1071020.75,1,0
TRANSFER,2763398.31,C577803442,2763398.31,0.0,C619602282,0.0,0.0,1,0
TRANSFER,296699.39,C1746633930,296699.39,0.0,C1032143722,0.0,0.0,1,0
CASH_OUT,841052.98,C1776675634,841052.98,0.0,C1757751807,0.0,841052.98,1,0
TRANSFER,498747.55,C1358700061,498747.55,0.0,C705797275,0.0,0.0,1,0
CASH_OUT,44482.33,C611589726,44482.33,0.0,C1052510610,0.0,44482.33,1,0
CASH_OUT,191834.14,C728560783,191834.14,0.0,C662256008,105924.3,297758.43,1,0
TRANSFER,952234.12,C606108347,952234.12,0.0,C357620620,0.0,0.0,1,0
TRANSFER,2216703.82,C1080269027,2216703.82,0.0,C967600004,0.0,0.0,1,0
CASH_OUT,150929.12,C1873591619,150929.12,0.0,C484357624,136233.24,287162.36,1,0
TRANSFER,6558087.93,C1050618331,6558087.93,0.0,C1361886731,0.0,0.0,1,0
TRANSFER,892213.56,C203112109,892213.56,0.0,C1034010238,0.0,0.0,1,0
TRANSFER,727792.98,C2139851324,727792.98,0.0,C1773055339,0.0,0.0,1,0
TRANSFER,2374412.42,C958603903,2374412.42,0.0,C68780715,0.0,0.0,1,0
TRANSFER,135845.3,C84275859,135845.3,0.0,C2031100289,0.0,0.0,1,0
TRANSFER,581421.85,C1021314422,581421.85,0.0,C2062695733,0.0,0.0,1,0
TRANSFER,371449.7,C1572583311,371449.7,0.0,C336176580,0.0,0.0,1,0
CASH_OUT,145482.09,C27253971,145482.09,0.0,C325487676,1686412.37,1831894.45,1,0
CASH_OUT,353785.26,C1270362988,353785.26,0.0,C471561337,0.0,353785.26,1,0
CASH_OUT,1005365.24,C2007750863,1005365.24,0.0,C14584832,1698044.17,2703409.41,1,0
TRANSFER,367263.47,C695418375,367263.47,0.0,C1804523786,0.0,0.0,1,0
CASH_OUT,521986.29,C1336256989,521986.29,0.0,C1335226757,3392896.17,3914882.45,1,0
TRANSFER,460434.46,C2045767963,460434.46,0.0,C1868484572,0.0,0.0,1,0
TRANSFER,30917.39,C1302461032,30917.39,0.0,C1058590682,0.0,0.0,1,0
CASH_OUT,8838.19,C551927206,8838.19,0.0,C1342608381,15334.27,24172.46,1,0
TRANSFER,2028897.08,C836001849,2028897.08,0.0,C1993805294,0.0,0.0,1,0
CASH_OUT,8536151.16,C1712280078,8536151.16,0.0,C865601051,339032.24,8875183.4,1,0
TRANSFER,54380.21,C910554500,54380.21,0.0,C1125661425,0.0,0.0,1,0
TRANSFER,1137603.28,C318449492,1137603.28,0.0,C632641086,0.0,0.0,1,0
TRANSFER,73599.57,C1632654111,73599.57,0.0,C716157747,0.0,0.0,1,0
CASH_OUT,139210.23,C1418109615,139210.23,0.0,C1960441382,389208.21,528418.44,1,0
TRANSFER,534518.98,C1636058456,534518.98,0.0,C937763226,0.0,0.0,1,0
CASH_OUT,5566368.02,C1308416939,5566368.02,0.0,C291757564,105580.9,5671948.92,1,0
CASH_OUT,872199.82,C1572733222,872199.82,0.0,C1065349988,5447159.73,6319359.54,1,0
CASH_OUT,286835.21,C2076387037,286835.21,0.0,C10969694,1678767.02,1965602.23,1,0
CASH_OUT,63416.99,C994950684,63416.99,0.0,C1662241365,276433.18,339850.17,1,0
CASH_OUT,144283.42,C1478536822,144283.42,0.0,C1266929646,0.0,144283.42,1,0
CASH_OUT,10000000.0,C714385617,10000000.0,0.0,C670347095,551074.14,10551074.14,1,0
CASH_OUT,66066.73,C1566921402,66066.73,0.0,C1640218672,0.0,66066.73,1,0
TRANSFER,39247.74,C1777586207,39247.74,0.0,C1509442679,0.0,0.0,1,0
CASH_OUT,13914.81,C44196449,13914.81,0.0,C477039753,1495380.79,1509295.6,1,0
CASH_OUT,2253811.33,C1631859649,2253811.33,0.0,C526945673,0.0,2253811.33,1,0
CASH_OUT,27584.17,C641646944,27584.17,0.0,C951980885,0.0,27584.17,1,0
TRANSFER,1231309.64,C2120061745,1231309.64,0.0,C287066549,0.0,0.0,1,0
TRANSFER,222.0,C1961506277,222.0,0.0,C378841819,0.0,267095.19,1,0
TRANSFER,3302492.95,C2115449921,3302492.95,0.0,C314077583,0.0,0.0,1,0
TRANSFER,10000000.0,C611232899,11812161.42,1812161.42,C1347105871,0.0,0.0,1,0
TRANSFER,149279.69,C1647475681,149279.69,0.0,C396255249,0.0,0.0,1,0
TRANSFER,461509.86,C1765744035,461509.86,0.0,C788887602,0.0,0.0,1,0
TRANSFER,520500.14,C75004200,520500.14,0.0,C687978944,0.0,0.0,1,0
CASH_OUT,19226.25,C2130173515,19226.25,0.0,C1264209653,0.0,19226.25,1,0
CASH_OUT,508782.2,C576782065,0.0,0.0,C2090737806,1082007.65,1590789.85,1,0
TRANSFER,67692.41,C1373191789,67692.41,0.0,C542398643,0.0,0.0,1,0
TRANSFER,296156.97,C801116845,296156.97,0.0,C177042308,0.0,0.0,1,0
TRANSFER,65494.78,C504273308,65494.78,0.0,C1723740840,0.0,0.0,1,0
TRANSFER,960196.16,C1335615679,960196.16,0.0,C650152764,0.0,0.0,1,0
CASH_OUT,895565.06,C763112814,895565.06,0.0,C1338000505,100335.14,995900.2,1,0
TRANSFER,1425062.97,C1700849439,1425062.97,0.0,C1474364019,0.0,0.0,1,0
TRANSFER,124311.57,C318078280,124311.57,0.0,C571016162,0.0,0.0,1,0
CASH_OUT,436906.22,C1360544029,436906.22,0.0,C687989506,77698.14,869573.55,1,0
CASH_OUT,369505.41,C1841955309,369505.41,0.0,C565887974,141459.77,510965.18,1,0
TRANSFER,203874.62,C926108639,203874.62,0.0,C1426041212,0.0,0.0,1,0
TRANSFER,21418.86,C546971696,21418.86,0.0,C1910520742,0.0,0.0,1,0
CASH_OUT,79717.14,C812331836,79717.14,0.0,C1874670723,0.0,79717.14,1,0
CASH_OUT,935790.41,C2009627965,935790.41,0.0,C1708248220,2889033.29,3824823.7,1,0
CASH_OUT,582571.87,C1154322501,582571.87,0.0,C1687580441,0.0,582571.87,1,0
TRANSFER,92145.4,C1372492756,92145.4,0.0,C1868659811,0.0,0.0,1,0
CASH_OUT,665489.33,C1008719694,665489.33,0.0,C1320083995,1184319.45,1849808.78,1,0
TRANSFER,10000000.0,C1562962865,16580427.81,6580427.81,C964933148,0.0,0.0,1,0
TRANSFER,2142164.0,C181177203,2142164.0,0.0,C1002183297,0.0,0.0,1,0
TRANSFER,73110.82,C1808244239,73110.82,0.0,C1237294806,0.0,0.0,1,0
CASH_OUT,127916.67,C442707835,127916.67,0.0,C473607124,1520726.85,1648643.52,1,0
CASH_OUT,7748802.0,C172044102,7748802.0,0.0,C648423233,0.0,7748802.0,1,0
CASH_OUT,964876.58,C334503836,964876.58,0.0,C69373122,203741.11,1168617.69,1,0
TRANSFER,253261.96,C157115581,253261.96,0.0,C989314619,0.0,0.0,1,0
TRANSFER,887941.44,C1508594424,887941.44,0.0,C1444631311,0.0,0.0,1,0
CASH_OUT,1321091.25,C1817853136,1321091.25,0.0,C1040572676,0.0,1321091.25,1,0
CASH_OUT,175203.45,C1731825076,175203.45,0.0,C1046160944,2735776.45,2910979.9,1,0
TRANSFER,1555182.41,C403559722,1555182.41,0.0,C999708230,0.0,0.0,1,0
CASH_OUT,8267760.5,C1847166254,8267760.5,0.0,C1601872168,434210.21,8701970.72,1,0
CASH_OUT,461255.26,C1047897914,461255.26,0.0,C559992116,34467.19,495722.45,1,0
CASH_OUT,2352524.18,C914179351,2352524.18,0.0,C413966770,1227902.12,3580426.31,1,0
TRANSFER,3968964.4,C432264411,3968964.4,0.0,C536142403,0.0,0.0,1,0
CASH_OUT,1431634.93,C9507698,1431634.93,0.0,C1280077682,0.0,1431634.93,1,0
CASH_OUT,361877.28,C930621718,361877.28,0.0,C392213931,380179.71,742056.99,1,0
CASH_OUT,63944.13,C963749685,63944.13,0.0,C816242963,3034987.39,3098931.52,1,0
CASH_OUT,1028326.5,C1062379106,1028326.5,0.0,C1316357800,0.0,1028326.5,1,0
CASH_OUT,27696.89,C1714051510,27696.89,0.0,C502023164,352139.13,379836.02,1,0
TRANSFER,10000000.0,C1849235881,23924102.18,13924102.18,C1877706055,0.0,0.0,1,0
TRANSFER,158879.1,C1226871955,158879.1,0.0,C1363273657,0.0,0.0,1,0
TRANSFER,224570.45,C2046482724,224570.45,0.0,C2067556284,0.0,0.0,1,0
CASH_OUT,627586.04,C1801283933,627586.04,0.0,C833344626,126625.85,754211.89,1,0
TRANSFER,147267.01,C1261933788,147267.01,0.0,C1058127621,0.0,0.0,1,0
TRANSFER,1398166.84,C749892305,1398166.84,0.0,C1587152098,0.0,0.0,1,0
CASH_OUT,99808.45,C1266810248,99808.45,0.0,C467980258,47744.92,147553.37,1,0
TRANSFER,54652.46,C1674778854,54652.46,0.0,C1930074465,0.0,0.0,1,0
CASH_OUT,224378.1,C1234321469,224378.1,0.0,C105660024,483419.25,707797.36,1,0
CASH_OUT,22990.73,C919319560,22990.73,0.0,C856187523,3279840.64,3302831.37,1,0
CASH_OUT,146061.11,C1961860165,146061.11,0.0,C91534435,37501.29,183562.4,1,0
CASH_OUT,10000000.0,C792080060,10000000.0,0.0,C2030266969,0.0,10000000.0,1,0
TRANSFER,400276.72,C1773081867,400276.72,0.0,C69800552,0.0,0.0,1,0
TRANSFER,244312.69,C1640049585,244312.69,0.0,C542321512,0.0,0.0,1,0
TRANSFER,6249265.86,C855788158,6249265.86,0.0,C1260877050,0.0,0.0,1,0
CASH_OUT,68755.57,C1983934079,68755.57,0.0,C328707077,1555552.28,1624307.85,1,0
TRANSFER,67050.5,C1650479654,67050.5,0.0,C625044678,0.0,0.0,1,0
TRANSFER,2540410.33,C479192985,2540410.33,0.0,C1723011411,0.0,0.0,1,0
TRANSFER,8931550.69,C1634206825,8931550.69,0.0,C977366743,0.0,0.0,1,0
CASH_OUT,5349.74,C379668471,5349.74,0.0,C1699960133,585780.87,591130.61,1,0
CASH_OUT,248409.56,C1492323121,248409.56,0.0,C1162648274,2156174.28,2404583.85,1,0
CASH_OUT,6204.71,C22483962,6204.71,0.0,C377452670,0.0,6204.71,1,0
CASH_OUT,3425386.69,C288197113,3425386.69,0.0,C793143843,0.0,3425386.69,1,0
TRANSFER,57512.29,C199493859,57512.29,0.0,C1845834519,0.0,0.0,1,0
TRANSFER,414394.38,C934172571,414394.38,0.0,C97161291,0.0,0.0,1,0
TRANSFER,34238.2,C1437366708,34238.2,0.0,C913630133,0.0,0.0,1,0
CASH_OUT,116636.06,C1536790025,116636.06,0.0,C1430191148,0.0,116636.06,1,0
TRANSFER,53062.52,C146522698,53062.52,0.0,C1122850221,0.0,0.0,1,0
CASH_OUT,120406.39,C1938001564,120406.39,0.0,C878440089,0.0,120406.39,1,0
TRANSFER,742973.53,C153820103,742973.53,0.0,C1530694083,0.0,0.0,1,0
CASH_OUT,10000000.0,C29118015,10000000.0,0.0,C1379703840,0.0,10000000.0,1,0
TRANSFER,1552664.33,C1431338158,1552664.33,0.0,C1230205848,0.0,0.0,1,0
CASH_OUT,6972164.97,C1268472825,6972164.97,0.0,C2126149202,5680.28,6977845.25,1,0
CASH_OUT,882011.04,C1287818335,882011.04,0.0,C120939330,8202.09,890213.13,1,0
TRANSFER,1468304.35,C151325855,1468304.35,0.0,C1135260060,0.0,0.0,1,0
TRANSFER,68230.32,C1908083976,68230.32,0.0,C433026096,0.0,0.0,1,0
TRANSFER,100109.03,C1626206684,100109.03,0.0,C1082903633,0.0,0.0,1,0
TRANSFER,2066467.64,C1223631235,2066467.64,0.0,C1281019843,0.0,81209.81,1,0
CASH_OUT,316882.94,C586226957,316882.94,0.0,C962253473,1049008.93,1365891.86,1,0
CASH_OUT,592737.43,C300034494,592737.43,0.0,C206270107,163646.39,756383.82,1,0
TRANSFER,1013208.77,C45646600,1013208.77,0.0,C1927425831,0.0,0.0,1,0
CASH_OUT,730574.39,C1283613009,730574.39,0.0,C1291527211,183897.18,914471.57,1,0
TRANSFER,331729.06,C1287144716,331729.06,0.0,C1962276701,0.0,0.0,1,0
CASH_OUT,216534.86,C1922686366,216534.86,0.0,C938949509,10068344.73,10284879.59,1,0
TRANSFER,803038.11,C1481259935,803038.11,0.0,C749805705,0.0,0.0,1,0
TRANSFER,268230.43,C163362068,268230.43,0.0,C2101762472,0.0,0.0,1,0
CASH_OUT,4526748.52,C565197810,4526748.52,0.0,C725918022,416831.26,4943579.77,1,0
CASH_OUT,3263443.15,C252215515,3263443.15,0.0,C870722399,927721.34,4191164.5,1,0
TRANSFER,684266.09,C1873188115,684266.09,0.0,C315115812,0.0,0.0,1,0
CASH_OUT,5363795.31,C1085308330,5363795.31,0.0,C403495240,33769.18,5397564.49,1,0
CASH_OUT,515645.16,C1386605683,515645.16,0.0,C509021077,283377.85,799023.01,1,0
CASH_OUT,496420.67,C1977168836,496420.67,0.0,C1041919109,16031.49,512452.16,1,0
CASH_OUT,302227.56,C1814350435,302227.56,0.0,C51409599,1125769.87,1427997.43,1,0
CASH_OUT,112656.24,C567378649,112656.24,0.0,C1804497744,0.0,112656.24,1,0
CASH_OUT,10000000.0,C1086171385,10000000.0,0.0,C1542053333,980488.81,10980488.81,1,0
CASH_OUT,3019699.77,C2110305720,3019699.77,0.0,C225008798,523626.59,3543326.36,1,0
CASH_OUT,492003.04,C133353018,492003.04,0.0,C2063078053,24292.72,516295.76,1,0
CASH_OUT,342675.47,C2068848263,342675.47,0.0,C753313241,412117.94,754793.41,1,0
CASH_OUT,6274752.67,C789526780,6274752.67,0.0,C1905238884,0.0,6274752.67,1,0
CASH_OUT,159106.12,C136426142,159106.12,0.0,C323730843,0.0,159106.12,1,0
TRANSFER,1767886.02,C1544286887,1767886.02,0.0,C436837170,0.0,0.0,1,0
TRANSFER,49423.31,C770927537,49423.31,0.0,C1726957418,0.0,0.0,1,0
CASH_OUT,45053.05,C108008113,45053.05,0.0,C2015543503,202038.75,247091.8,1,0
TRANSFER,76200.04,C376760344,76200.04,0.0,C1713255424,0.0,0.0,1,0
TRANSFER,107732.98,C1782019043,107732.98,0.0,C237935260,0.0,0.0,1,0
CASH_OUT,1464008.18,C1187974748,1464008.18,0.0,C1271941656,0.0,1464008.18,1,0
TRANSFER,3488355.65,C1713336918,3488355.65,0.0,C1279746199,0.0,0.0,1,0
TRANSFER,79717.14,C1726453809,79717.14,0.0,C1824298603,0.0,0.0,1,0
TRANSFER,224661.54,C412407665,224661.54,0.0,C158610955,0.0,0.0,1,0
TRANSFER,3929113.14,C111386253,3929113.14,0.0,C833883362,0.0,0.0,1,0
CASH_OUT,633610.66,C382898342,633610.66,0.0,C1625958226,0.0,633610.66,1,0
TRANSFER,2923356.25,C1312260902,2923356.25,0.0,C1724629227,0.0,0.0,1,0
CASH_OUT,1778520.7,C72958099,1778520.7,0.0,C1226050355,0.0,1778520.7,1,0
TRANSFER,4445514.2,C1149729385,4445514.2,0.0,C246500623,0.0,0.0,1,0
TRANSFER,242678.33,C688368548,242678.33,0.0,C31250082,0.0,0.0,1,0
CASH_OUT,1648547.69,C114220496,1648547.69,0.0,C1447772866,52864.15,1701411.84,1,0
CASH_OUT,886588.02,C700848378,886588.02,0.0,C1731783280,0.0,886588.02,1,0
CASH_OUT,1083860.21,C202343880,1083860.21,0.0,C1389958255,0.0,1083860.21,1,0
TRANSFER,2479940.21,C1242611758,2479940.21,0.0,C1769880049,0.0,0.0,1,0
CASH_OUT,126848.63,C502927996,126848.63,0.0,C959311231,11722231.04,11849079.67,1,0
CASH_OUT,76640.82,C47767227,76640.82,0.0,C756075054,0.0,76640.82,1,0
TRANSFER,597806.2,C771874815,597806.2,0.0,C339883956,0.0,0.0,1,0
CASH_OUT,167067.78,C1636013570,167067.78,0.0,C2066003164,169160.19,336227.97,1,0
CASH_OUT,10000000.0,C531780975,10000000.0,0.0,C19233081,123242.63,10123242.63,1,0
TRANSFER,3070709.95,C739766096,3070709.95,0.0,C2100602462,0.0,0.0,1,0
CASH_OUT,218350.42,C1823869539,218350.42,0.0,C65252492,143135.63,361486.05,1,0
CASH_OUT,89571.46,C1022920965,4505.6,0.0,C1460548505,1929428.01,2018999.47,1,0
TRANSFER,848134.57,C387226180,848134.57,0.0,C1242120613,0.0,0.0,1,0
CASH_OUT,3542716.02,C488587409,3542716.02,0.0,C1867928839,4746.62,3547462.65,1,0
TRANSFER,2908264.69,C233651792,2908264.69,0.0,C1170550501,0.0,0.0,1,0
TRANSFER,3887853.15,C804681656,3887853.15,0.0,C753327300,0.0,0.0,1,0
CASH_OUT,6515.64,C1003695704,6515.64,0.0,C1822078212,15607.94,22123.59,1,0
CASH_OUT,10000000.0,C1180822515,10000000.0,0.0,C758711155,1920358.24,11920358.24,1,0
CASH_OUT,1663895.14,C278631744,1663895.14,0.0,C542333894,0.0,1663895.14,1,0
CASH_OUT,103949.5,C259198981,103949.5,0.0,C837253504,0.0,103949.5,1,0
TRANSFER,4676.42,C1043527721,4676.42,0.0,C2017082627,0.0,0.0,1,0
CASH_OUT,74804.24,C1683055902,74804.24,0.0,C313857348,0.0,74804.24,1,0
TRANSFER,692984.55,C548545362,692984.55,0.0,C373573022,0.0,0.0,1,0
CASH_OUT,513610.51,C786682293,513610.51,0.0,C995315551,954248.26,1467858.76,1,0
CASH_OUT,1455839.54,C487085645,1455839.54,0.0,C576388440,149698.53,1605538.07,1,0
TRANSFER,2914653.69,C767295910,2914653.69,0.0,C258732542,0.0,0.0,1,0
CASH_OUT,730677.5,C512720959,730677.5,0.0,C1056205727,0.0,730677.5,1,0
CASH_OUT,629958.0,C1778361668,629958.0,0.0,C675358222,403252.79,1033210.79,1,0
CASH_OUT,204951.37,C1892844368,204951.37,0.0,C1878476397,1901998.22,2106949.59,1,0
TRANSFER,8383.17,C282822245,8383.17,0.0,C1731493383,0.0,0.0,1,0
TRANSFER,10000000.0,C524119157,19228514.1,9228514.1,C1979637041,0.0,0.0,1,0
TRANSFER,1072345.79,C114044821,1072345.79,0.0,C1178875500,0.0,0.0,1,0
TRANSFER,1014816.16,C550185181,1014816.16,0.0,C1007032757,0.0,0.0,1,0
TRANSFER,479926.98,C444759415,479926.98,0.0,C1253833239,0.0,0.0,1,0
CASH_OUT,103368.58,C225886337,103368.58,0.0,C1347548584,0.0,103368.58,1,0
TRANSFER,48078.85,C80387919,48078.85,0.0,C1965664830,0.0,0.0,1,0
CASH_OUT,8383.17,C644686763,8383.17,0.0,C980380973,6577262.64,6585645.81,1,0
CASH_OUT,106434.23,C1639510217,106434.23,0.0,C1867808615,0.0,163775.04,1,0
CASH_OUT,338364.14,C449727386,338364.14,0.0,C1527134062,724300.82,1062664.96,1,0
TRANSFER,509985.31,C973074458,509985.31,0.0,C1408872887,0.0,0.0,1,0
CASH_OUT,1748611.28,C1092488663,1748611.28,0.0,C670879809,113025.94,1861637.22,1,0
CASH_OUT,6391.6,C1610942799,6391.6,0.0,C1312990529,2954292.05,2960683.65,1,0
TRANSFER,1059347.56,C1918912745,1059347.56,0.0,C1999367128,0.0,0.0,1,0
TRANSFER,730677.5,C1166383807,730677.5,0.0,C522357806,0.0,0.0,1,0
CASH_OUT,585010.21,C878935318,585010.21,0.0,C2122554602,15969.08,600979.29,1,0
TRANSFER,261874.86,C660614375,261874.86,0.0,C542723764,0.0,0.0,1,0
CASH_OUT,5270.57,C1431630057,5270.57,0.0,C1051716016,305288.23,310558.81,1,0
TRANSFER,341441.17,C570894780,341441.17,0.0,C1123063194,0.0,0.0,1,0
TRANSFER,832811.84,C1215783470,832811.84,0.0,C1131260473,0.0,0.0,1,0
CASH_OUT,245694.84,C1615152184,245694.84,0.0,C459404146,0.0,245694.84,1,0
TRANSFER,505571.43,C1946854370,505571.43,0.0,C1011987568,0.0,0.0,1,0
TRANSFER,208868.36,C2032939648,208868.36,0.0,C576448483,0.0,0.0,1,0
CASH_OUT,19729.68,C1979477621,19729.68,0.0,C1623524019,0.0,19729.68,1,0
CASH_OUT,160088.68,C590262415,160088.68,0.0,C668046170,301078.64,461167.32,1,0
CASH_OUT,718350.64,C474888989,718350.64,0.0,C234115776,0.0,718350.64,1,0
CASH_OUT,829885.13,C1179900921,829885.13,0.0,C2021579766,13276462.12,14106347.25,1,0
CASH_OUT,60633.76,C1469444378,60633.76,0.0,C295334131,164662.14,225295.9,1,0
TRANSFER,2460110.25,C17491956,2460110.25,0.0,C983697974,0.0,0.0,1,0
CASH_OUT,582725.12,C1584934652,582725.12,0.0,C795947524,1066408.36,1649133.48,1,0
TRANSFER,76642.85,C1199647031,76642.85,0.0,C2036177747,0.0,0.0,1,0
TRANSFER,7728992.56,C139632487,7728992.56,0.0,C1966690861,0.0,0.0,1,0
CASH_OUT,151.0,C790340353,151.0,0.0,C517676411,386163.34,386314.34,1,0
TRANSFER,1191399.72,C138035077,1191399.72,0.0,C550830618,0.0,0.0,1,0
CASH_OUT,723782.37,C1529205180,723782.37,0.0,C1010068445,0.0,723782.37,1,0
TRANSFER,217255.97,C1481880227,217255.97,0.0,C948441746,0.0,0.0,1,0
TRANSFER,226402.77,C1176671535,226402.77,0.0,C385619809,0.0,0.0,1,0
TRANSFER,219110.27,C662565017,219110.27,0.0,C352364019,0.0,0.0,1,0
CASH_OUT,1232697.94,C230197841,1232697.94,0.0,C449117351,2532328.06,3765025.99,1,0
CASH_OUT,55920.39,C1899996143,55920.39,0.0,C1567322020,0.0,55920.39,1,0
CASH_OUT,335071.5,C1146444663,335071.5,0.0,C1365176393,0.0,335071.5,1,0
TRANSFER,2392482.86,C1015599837,2392482.86,0.0,C1814093957,0.0,0.0,1,0
TRANSFER,128417.96,C244991293,128417.96,0.0,C1736477135,0.0,0.0,1,0
CASH_OUT,403274.41,C1311838083,403274.41,0.0,C13335239,0.0,403274.41,1,0
TRANSFER,1912961.16,C1168684643,1912961.16,0.0,C1353360075,0.0,0.0,1,0
TRANSFER,6188772.44,C979937832,6188772.44,0.0,C1787596520,0.0,0.0,1,0
TRANSFER,10000000.0,C217654973,24953893.08,14953893.08,C167868594,0.0,0.0,1,0
TRANSFER,108783.2,C829027470,108783.2,0.0,C1294736725,0.0,0.0,1,0
TRANSFER,1608571.02,C659082738,1608571.02,0.0,C2146348843,0.0,0.0,1,0
CASH_OUT,24412.07,C451805271,24412.07,0.0,C75671301,1564103.49,1588515.56,1,0
CASH_OUT,213463.32,C1263272342,213463.32,0.0,C744918576,0.0,115035.59,1,0
TRANSFER,132973.41,C1231621270,132973.41,0.0,C463737708,0.0,0.0,1,0
TRANSFER,2040374.55,C1208488541,2040374.55,0.0,C1222558935,0.0,0.0,1,0
CASH_OUT,2100.0,C169099320,2100.0,0.0,C697156329,112512.48,114612.48,1,0
TRANSFER,132294.93,C1222456458,132294.93,0.0,C194390242,0.0,0.0,1,0
CASH_OUT,4623764.68,C201692865,4623764.68,0.0,C1546968291,0.0,4623764.68,1,0
CASH_OUT,53340.45,C1728402348,53340.45,0.0,C505193884,0.0,53340.45,1,0
TRANSFER,96640.12,C1573553725,96640.12,0.0,C74177098,0.0,0.0,1,0
CASH_OUT,62091.44,C979329781,62091.44,0.0,C1938348365,6296058.91,6358150.35,1,0
TRANSFER,57588.67,C1367270224,57588.67,0.0,C1706801590,0.0,0.0,1,0
CASH_OUT,429257.45,C1101793112,429257.45,0.0,C254695066,0.0,429257.45,1,0
TRANSFER,7435751.59,C1466030331,7435751.59,0.0,C1541661515,0.0,0.0,1,0
TRANSFER,72665.95,C1614200747,72665.95,0.0,C253218862,0.0,0.0,1,0
CASH_OUT,8274020.94,C1990417727,8274020.94,0.0,C1223937106,0.0,8274020.94,1,0
CASH_OUT,319208.14,C892428215,319208.14,0.0,C1209378395,1905620.3,2224828.44,1,0
TRANSFER,33964.87,C915330664,33964.87,0.0,C1672862058,0.0,0.0,1,0
CASH_OUT,990857.53,C46599562,990857.53,0.0,C1410772005,679698.52,1670556.05,1,0
TRANSFER,295054.68,C1950985216,295054.68,0.0,C1535946302,0.0,0.0,1,0
TRANSFER,10000000.0,C1277761503,37316255.05,27316255.05,C500987951,0.0,0.0,1,0
TRANSFER,986876.27,C1702714599,986876.27,0.0,C83459379,0.0,0.0,1,0
TRANSFER,1503297.45,C1611595121,1503297.45,0.0,C739347171,0.0,0.0,1,0
CASH_OUT,884821.37,C1865310403,884821.37,0.0,C1762365059,1628388.92,2513210.29,1,0
CASH_OUT,3567795.25,C2091267163,3567795.25,0.0,C1391718831,0.0,3567795.25,1,0
CASH_OUT,403.56,C1790729382,403.56,0.0,C1460854172,1124708.32,1125111.88,1,0
TRANSFER,443893.69,C1983851007,443893.69,0.0,C1777824686,0.0,0.0,1,0
TRANSFER,9274.56,C125027888,9274.56,0.0,C200984272,0.0,0.0,1,0
CASH_OUT,781.93,C823598101,781.93,0.0,C1338255129,0.0,781.93,1,0
TRANSFER,134861.82,C1259630002,134861.82,0.0,C2074890219,0.0,0.0,1,0
TRANSFER,880975.83,C1991993954,880975.83,0.0,C1163515588,0.0,0.0,1,0
TRANSFER,59677.48,C1489751550,59677.48,0.0,C934061897,0.0,0.0,1,0
CASH_OUT,126431.61,C956623325,126431.61,0.0,C143103274,1089215.22,1215646.84,1,0
CASH_OUT,143175.23,C1950513519,143175.23,0.0,C1497532505,695647.18,838822.41,1,0
CASH_OUT,3606943.31,C1011490419,3606943.31,0.0,C1919783086,0.0,3606943.31,1,0
CASH_OUT,127905.82,C1679438122,127905.82,0.0,C548284315,0.0,127905.82,1,0
CASH_OUT,71372.0,C313736303,71372.0,0.0,C935310781,613464.04,684836.04,1,0
TRANSFER,272637.22,C2141717111,272637.22,0.0,C765286683,0.0,0.0,1,0
CASH_OUT,8999.56,C1634056682,8999.56,0.0,C46618914,0.0,8999.56,1,0
TRANSFER,1068952.42,C2072964053,1068952.42,0.0,C1016759454,0.0,0.0,1,0
TRANSFER,1171751.17,C1499614661,1171751.17,0.0,C1862839091,0.0,0.0,1,0
CASH_OUT,69912.57,C1854018757,69912.57,0.0,C766040403,13393300.5,13463213.07,1,0
CASH_OUT,1860190.06,C1426147702,1860190.06,0.0,C1451093652,300576.4,2160766.46,1,0
TRANSFER,10000000.0,C1386014813,17239986.95,7239986.95,C407821637,0.0,0.0,1,0
CASH_OUT,32830.82,C419928675,32830.82,0.0,C1441346969,1064994.15,1097824.97,1,0
CASH_OUT,805319.81,C1597187760,805319.81,0.0,C1975329762,0.0,805319.81,1,0
TRANSFER,76640.82,C1716897320,76640.82,0.0,C233158023,0.0,0.0,1,0
CASH_OUT,85637.08,C588765630,85637.08,0.0,C766485430,235137.06,320774.13,1,0
TRANSFER,1138384.29,C599862051,1138384.29,0.0,C220508389,0.0,0.0,1,0
TRANSFER,249791.3,C2018224474,249791.3,0.0,C1562137241,0.0,0.0,1,0
TRANSFER,135428.39,C212063008,135428.39,0.0,C1363250093,0.0,0.0,1,0
TRANSFER,697652.19,C1380882097,697652.19,0.0,C234169662,0.0,0.0,1,0
TRANSFER,5175876.53,C599212256,5175876.53,0.0,C480756474,0.0,0.0,1,0
CASH_OUT,357882.83,C151669603,357882.83,0.0,C1152228208,901329.73,1259212.55,1,0
CASH_OUT,265747.73,C2046465313,265747.73,0.0,C1929273714,0.0,265747.73,1,0
CASH_OUT,230806.85,C1891374197,230806.85,0.0,C1590958349,1599122.59,1829929.44,1,0
CASH_OUT,1788729.73,C446736927,1788729.73,0.0,C1581175229,109598.5,1898328.23,1,0
CASH_OUT,355151.57,C943049260,355151.57,0.0,C591114183,1963631.51,2318783.07,1,0
TRANSFER,2016790.84,C1000331499,2016790.84,0.0,C1778895918,0.0,0.0,1,0
TRANSFER,407347.84,C1538572034,407347.84,0.0,C2019715796,0.0,0.0,1,0
TRANSFER,4716307.48,C941946048,4716307.48,0.0,C34938557,0.0,0.0,1,0
TRANSFER,283429.1,C712071117,283429.1,0.0,C465712526,0.0,0.0,1,0
CASH_OUT,3288377.47,C1509113687,3288377.47,0.0,C579531437,158090.12,3446467.59,1,0
CASH_OUT,261331.82,C1036650085,261331.82,0.0,C510704093,32063.09,293394.92,1,0
TRANSFER,21279.19,C1200071210,21279.19,0.0,C794836195,0.0,0.0,1,0
CASH_OUT,829645.3,C1555099712,829645.3,0.0,C846177864,0.0,829645.3,1,0
CASH_OUT,2582313.07,C939181063,2582313.07,0.0,C1201001488,1640.53,2583953.6,1,0
CASH_OUT,110344.11,C1641368956,110344.11,0.0,C329210788,127320.42,237664.52,1,0
CASH_OUT,1159010.44,C1724151856,1159010.44,0.0,C1229046559,175085.52,1334095.97,1,0
TRANSFER,530354.58,C1625326980,530354.58,0.0,C1011865698,0.0,0.0,1,0
CASH_OUT,223730.4,C2056953445,223730.4,0.0,C685901539,3375498.7,3599229.1,1,0
CASH_OUT,407005.78,C1948189565,0.0,0.0,C1059308371,0.0,407005.78,1,0
CASH_OUT,57204.07,C947854102,57204.07,0.0,C149021692,2726027.96,2783232.03,1,0
CASH_OUT,829012.31,C954045856,829012.31,0.0,C1422327407,0.0,829012.31,1,0
TRANSFER,9749042.95,C1040320190,9749042.95,0.0,C598263954,0.0,0.0,1,0
CASH_OUT,3116889.41,C1369312276,3116889.41,0.0,C584026670,226218.51,3343107.92,1,0
CASH_OUT,2828068.73,C1776748909,2828068.73,0.0,C382300309,102766.8,2930835.53,1,0
CASH_OUT,144254.93,C1758075827,144254.93,0.0,C359739038,128529.95,272784.88,1,0
TRANSFER,4152435.91,C1158527799,4152435.91,0.0,C1983304819,0.0,0.0,1,0
TRANSFER,15371.72,C589262212,15371.72,0.0,C1774278732,0.0,0.0,1,0
TRANSFER,1170282.92,C1948396559,1170282.92,0.0,C538567441,0.0,0.0,1,0
TRANSFER,37119.58,C1444276641,37119.58,0.0,C1067127400,0.0,0.0,1,0
TRANSFER,216179.15,C1863683348,216179.15,0.0,C1011918912,0.0,0.0,1,0
CASH_OUT,2514878.33,C1163253466,2514878.33,0.0,C1720852348,1017845.77,3532724.1,1,0
TRANSFER,7696836.35,C1641731466,7696836.35,0.0,C290559240,0.0,0.0,1,0
CASH_OUT,227304.91,C1775139869,227304.91,0.0,C127797193,80290.25,307595.16,1,0
TRANSFER,22990.73,C1418432811,22990.73,0.0,C1543578666,0.0,0.0,1,0
TRANSFER,6174385.48,C1025625307,6174385.48,0.0,C1773172922,0.0,0.0,1,0
TRANSFER,470922.15,C386926753,470922.15,0.0,C527524225,0.0,0.0,1,0
CASH_OUT,1653144.1,C395458530,1653144.1,0.0,C1340837967,28997.07,1682141.17,1,0
CASH_OUT,23413.67,C1100198651,23413.67,0.0,C247352056,0.0,23413.67,1,0
CASH_OUT,190815.79,C669797835,190815.79,0.0,C1179424644,1686901.31,1877717.1,1,0
CASH_OUT,59628.24,C1826008632,59628.24,0.0,C1992468113,686111.28,745739.53,1,0
CASH_OUT,1561891.66,C15204463,1561891.66,0.0,C1255502452,3471928.95,6443177.56,1,0
TRANSFER,58058.98,C155431672,58058.98,0.0,C1327043210,0.0,0.0,1,0
TRANSFER,461255.26,C470923235,461255.26,0.0,C588226024,0.0,0.0,1,0
CASH_OUT,240899.12,C521538595,240899.12,0.0,C1990446259,85009.83,325908.95,1,0
CASH_OUT,158299.34,C179332971,158299.34,0.0,C631110333,36152.54,271369.74,1,0
CASH_OUT,1735647.47,C1347258113,1735647.47,0.0,C169356853,0.0,1735647.47,1,0
CASH_OUT,2468740.94,C718874269,2468740.94,0.0,C230952140,0.0,2468740.94,1,0
TRANSFER,7418265.31,C1908904298,7418265.31,0.0,C646426738,0.0,0.0,1,0
TRANSFER,2684260.67,C1730345649,2684260.67,0.0,C1466122025,0.0,0.0,1,0
TRANSFER,2859010.61,C2075115765,2859010.61,0.0,C2025150574,0.0,0.0,1,0
TRANSFER,216351.05,C113536213,216351.05,0.0,C1976983084,0.0,0.0,1,0
CASH_OUT,10000000.0,C803647471,10000000.0,0.0,C1820998538,0.0,10000000.0,1,0
TRANSFER,3018810.85,C1421370456,3018810.85,0.0,C386359877,0.0,0.0,1,0
CASH_OUT,53315.31,C810591075,53315.31,0.0,C1614619549,0.0,53315.31,1,0
TRANSFER,601494.61,C847336008,601494.61,0.0,C1251618677,0.0,0.0,1,0
TRANSFER,899782.7,C1612087720,899782.7,0.0,C156111080,0.0,0.0,1,0
CASH_OUT,27759.73,C408463565,27759.73,0.0,C1525357904,7076299.77,7104059.5,1,0
CASH_OUT,159094.64,C484122604,159094.64,0.0,C286444496,0.0,159094.64,1,0
CASH_OUT,224661.54,C1480465445,224661.54,0.0,C1371510633,0.0,148150.77,1,0
TRANSFER,32382.96,C1291212648,32382.96,0.0,C301302016,0.0,0.0,1,0
CASH_OUT,101515.68,C1732619853,101515.68,0.0,C113661013,0.0,101515.68,1,0
CASH_OUT,182739.36,C1691189343,182739.36,0.0,C654896050,2520763.27,2703502.63,1,0
TRANSFER,56888.23,C1889751415,56888.23,0.0,C1655398202,0.0,0.0,1,0
CASH_OUT,254167.15,C930019406,254167.15,0.0,C1455547757,101467.87,355635.02,1,0
TRANSFER,107363.54,C564631760,107363.54,0.0,C43570912,0.0,0.0,1,0
CASH_OUT,130777.09,C1641644327,130777.09,0.0,C1447531864,0.0,130777.09,1,0
CASH_OUT,227994.78,C1205421023,227994.78,0.0,C231892160,0.0,227994.78,1,0
TRANSFER,25761.04,C1899367925,25761.04,0.0,C2085710932,0.0,0.0,1,0
TRANSFER,71323.49,C972303876,71323.49,0.0,C1241045648,0.0,0.0,1,0
CASH_OUT,1306690.61,C112330244,1306690.61,0.0,C1382644592,108351.28,1415041.89,1,0
CASH_OUT,6063657.03,C944295490,6063657.03,0.0,C925862909,1215280.38,7278937.41,1,0
TRANSFER,811459.21,C911097587,811459.21,0.0,C1529329683,0.0,0.0,1,0
CASH_OUT,627903.12,C1003741197,627903.12,0.0,C1742570828,0.0,627903.12,1,0
CASH_OUT,759701.03,C1817565028,759701.03,0.0,C1623972064,1076095.67,1835796.71,1,0
TRANSFER,133632.24,C743603317,133632.24,0.0,C1963533045,0.0,0.0,1,0
CASH_OUT,911895.71,C1703895485,911895.71,0.0,C1399213893,68468.27,980363.98,1,0
CASH_OUT,22117.99,C1522253641,22117.99,0.0,C104739224,581228.15,603346.15,1,0
CASH_OUT,298384.21,C1678582584,298384.21,0.0,C2097786726,77405.99,375790.2,1,0
TRANSFER,6648389.9,C67311634,6648389.9,0.0,C674603923,0.0,0.0,1,0
TRANSFER,4791.06,C923057067,4791.06,0.0,C247187997,0.0,0.0,1,0
CASH_OUT,234723.4,C1422611591,234723.4,0.0,C975019107,0.0,234723.4,1,0
TRANSFER,224230.16,C1765991027,224230.16,0.0,C791615814,0.0,0.0,1,0
CASH_OUT,1980800.05,C1774788670,1980800.05,0.0,C824562042,1779203.4,3760003.46,1,0
TRANSFER,2007.0,C439464764,2007.0,0.0,C562360384,0.0,0.0,1,0
TRANSFER,10000000.0,C485022724,33171085.59,23171085.59,C1852255407,0.0,0.0,1,0
CASH_OUT,766257.55,C38948739,766257.55,0.0,C533828275,46141756.44,46908013.99,1,0
CASH_OUT,252667.75,C1817806739,252667.75,0.0,C84626312,0.0,252667.75,1,0
CASH_OUT,39664.74,C1334465444,39664.74,0.0,C247088283,0.0,39664.74,1,0
CASH_OUT,66188.66,C1737756635,66188.66,0.0,C1532114451,715846.03,782034.69,1,0
TRANSFER,174683.34,C279104930,174683.34,0.0,C1291302412,0.0,0.0,1,0
TRANSFER,2274766.1,C750509301,2274766.1,0.0,C881302071,0.0,0.0,1,0
TRANSFER,1399724.98,C1420554412,1399724.98,0.0,C424524612,0.0,0.0,1,0
CASH_OUT,7469051.14,C1841900359,7469051.14,0.0,C1129100193,94820.42,7563871.56,1,0
CASH_OUT,1165171.47,C1827869035,1165171.47,0.0,C372062896,371852.42,1537023.88,1,0
CASH_OUT,148714.54,C1745419959,148714.54,0.0,C1737815990,0.0,148714.54,1,0
TRANSFER,1649039.58,C114531117,1649039.58,0.0,C267782135,0.0,0.0,1,0
TRANSFER,57543.34,C1164351211,57543.34,0.0,C1595140561,0.0,0.0,1,0
TRANSFER,37436.78,C985397867,37436.78,0.0,C131807418,0.0,0.0,1,0
CASH_OUT,67921.66,C1120272474,67921.66,0.0,C521660749,338544.14,406465.81,1,0
TRANSFER,1633227.0,C2053411637,1633227.0,0.0,C337996170,0.0,0.0,1,0
CASH_OUT,59996.12,C690114477,59996.12,0.0,C543599134,0.0,59996.12,1,0
TRANSFER,217231.0,C1527375688,217231.0,0.0,C658289217,0.0,0.0,1,0
TRANSFER,1048100.0,C1355391463,1048100.0,0.0,C1870887119,0.0,0.0,1,0
TRANSFER,16207.04,C730998900,16207.04,0.0,C1043597983,0.0,0.0,1,0
CASH_OUT,9207.38,C202544710,9207.38,0.0,C728550781,0.0,9207.38,1,0
CASH_OUT,1864022.05,C767567328,1864022.05,0.0,C1624455220,1435908.91,3299930.96,1,0
CASH_OUT,989966.55,C58682758,989966.55,0.0,C1485453615,0.0,989966.55,1,0
CASH_OUT,9208368.83,C1490382663,9208368.83,0.0,C601562346,115423.33,9323792.17,1,0
CASH_OUT,147230.63,C1675751864,147230.63,0.0,C1378762120,0.0,147230.63,1,0
TRANSFER,113829.89,C973342461,113829.89,0.0,C631818291,0.0,0.0,1,0
TRANSFER,364375.51,C1765014536,364375.51,0.0,C2037810492,0.0,0.0,1,0
TRANSFER,1442075.9,C2041824507,1442075.9,0.0,C1842704131,0.0,0.0,1,0
TRANSFER,25473.11,C199245986,25473.11,0.0,C140137302,0.0,0.0,1,0
CASH_OUT,348751.45,C983383771,348751.45,0.0,C56482072,698.29,349449.75,1,0
CASH_OUT,64083.54,C1268763135,64083.54,0.0,C1346372466,0.0,64083.54,1,0
CASH_OUT,374178.28,C712970778,374178.28,0.0,C44247024,616364.57,990542.85,1,0
CASH_OUT,125146.75,C1198861647,125146.75,0.0,C490114096,1820417.69,1945564.44,1,0
TRANSFER,1123561.68,C1234309969,1123561.68,0.0,C587188586,0.0,0.0,1,0
TRANSFER,1322277.84,C1670593881,1322277.84,0.0,C782761393,0.0,0.0,1,0
CASH_OUT,563388.67,C1205919663,563388.67,0.0,C1646816538,0.0,563388.67,1,0
TRANSFER,802417.45,C517450408,802417.45,0.0,C1440068099,0.0,0.0,1,0
TRANSFER,7596886.83,C926688459,7596886.83,0.0,C1810250799,0.0,0.0,1,0
CASH_OUT,349627.64,C432374768,349627.64,0.0,C1055938470,0.0,349627.64,1,0
CASH_OUT,1897921.7,C400680114,1897921.7,0.0,C613935961,956500.29,2854421.99,1,0
TRANSFER,10000000.0,C327855497,25455965.86,15455965.86,C2013390104,0.0,0.0,1,0
TRANSFER,326052.83,C726617458,326052.83,0.0,C1996615895,0.0,0.0,1,0
TRANSFER,8594499.99,C377226285,8594499.99,0.0,C497430875,0.0,0.0,1,0
CASH_OUT,26654.46,C473772146,26654.46,0.0,C1600956649,1575093.13,1601747.59,1,0
TRANSFER,158489.29,C1694745551,158489.29,0.0,C43669214,0.0,0.0,1,0
TRANSFER,897427.17,C1163712001,897427.17,0.0,C2016806245,0.0,0.0,1,0
TRANSFER,4640633.37,C180932654,4640633.37,0.0,C1673286866,0.0,0.0,1,0
TRANSFER,139210.23,C922917235,139210.23,0.0,C1075980653,0.0,0.0,1,0
CASH_OUT,9772559.35,C1597398625,9772559.35,0.0,C1830194909,1968332.75,11740892.1,1,0
TRANSFER,1290193.08,C2117512947,1290193.08,0.0,C1053414206,0.0,0.0,1,0
TRANSFER,191834.14,C80491623,191834.14,0.0,C1674773109,0.0,0.0,1,0
CASH_OUT,908858.12,C529588126,908858.12,0.0,C383086012,0.0,908858.12,1,0
CASH_OUT,102371.12,C398698821,102371.12,0.0,C1944707088,0.0,102371.12,1,0
TRANSFER,167060.63,C1057075880,167060.63,0.0,C2123365185,0.0,0.0,1,0
TRANSFER,123259.24,C1518086244,123259.24,0.0,C1924072555,0.0,0.0,1,0
CASH_OUT,699183.61,C103568596,699183.61,0.0,C1742143760,1355085.63,2054269.23,1,0
CASH_OUT,427373.65,C1090338431,427373.65,0.0,C347796427,64983.82,492357.46,1,0
CASH_OUT,10000000.0,C1853514800,10000000.0,0.0,C591314687,0.0,10000000.0,1,0
CASH_OUT,3017156.01,C2105090352,3017156.01,0.0,C250246729,81318.2,3098474.2,1,0
CASH_OUT,102464.68,C287402036,102464.68,0.0,C95792829,117288.38,219753.06,1,0
TRANSFER,20986.02,C1154403636,20986.02,0.0,C1043093762,0.0,0.0,1,0
CASH_OUT,463891.31,C783919407,463891.31,0.0,C882063580,138792.98,602684.29,1,0
CASH_OUT,9748.89,C383165349,9748.89,0.0,C868497487,180869.12,190618.01,1,0
TRANSFER,1049586.54,C894359747,1049586.54,0.0,C1813474981,0.0,0.0,1,0
CASH_OUT,1440705.58,C1733056191,1440705.58,0.0,C1061971573,0.0,1440705.58,1,0
CASH_OUT,4121986.59,C915028332,4121986.59,0.0,C2135931580,0.0,4121986.59,1,0
TRANSFER,1411271.23,C1426773355,1411271.23,0.0,C285961012,0.0,0.0,1,0
TRANSFER,281087.01,C745740843,281087.01,0.0,C2110645655,0.0,0.0,1,0
TRANSFER,530733.43,C176579882,530733.43,0.0,C1049193275,0.0,0.0,1,0
TRANSFER,203848.61,C819849169,203848.61,0.0,C213809105,0.0,0.0,1,0
TRANSFER,1559540.62,C485713115,1559540.62,0.0,C1786870760,0.0,0.0,1,0
TRANSFER,828720.89,C1422357582,828720.89,0.0,C366986030,0.0,0.0,1,0
CASH_OUT,525155.79,C843090294,525155.79,0.0,C1217435263,2665961.11,3191116.89,1,0
CASH_OUT,1411271.23,C326865678,1411271.23,0.0,C445084724,579602.96,1990874.19,1,0
TRANSFER,158299.34,C278180302,158299.34,0.0,C1551346623,0.0,0.0,1,0
CASH_OUT,24279.32,C227922005,24279.32,0.0,C21837280,0.0,24279.32,1,0
CASH_OUT,168455.76,C1163700291,168455.76,0.0,C1766231137,468448.82,636904.58,1,0
CASH_OUT,973805.75,C1527835008,973805.75,0.0,C141042490,0.0,973805.75,1,0
TRANSFER,2184556.65,C1385022604,2184556.65,0.0,C1641999884,0.0,0.0,1,0
CASH_OUT,9060955.18,C896720879,9060955.18,0.0,C779650292,271460.43,9332415.62,1,0
TRANSFER,43159.0,C1373322164,43159.0,0.0,C159626180,0.0,0.0,1,0
TRANSFER,198888.16,C1580456535,198888.16,0.0,C1660535185,0.0,0.0,1,0
TRANSFER,205170.29,C1059269221,205170.29,0.0,C1610878503,0.0,0.0,1,0
TRANSFER,1025082.07,C54370277,1025082.07,0.0,C108260141,0.0,0.0,1,0
TRANSFER,436035.29,C918655375,436035.29,0.0,C2100877994,0.0,0.0,1,0
CASH_OUT,1819405.69,C960377084,1819405.69,0.0,C524632299,7549887.38,9369293.07,1,0
TRANSFER,101081.12,C289774611,101081.12,0.0,C359505480,0.0,0.0,1,0
CASH_OUT,310873.76,C1571315901,310873.76,0.0,C842642744,489009.18,799882.93,1,0
TRANSFER,1595587.46,C1069976593,1595587.46,0.0,C1835585013,0.0,0.0,1,0
TRANSFER,114490.39,C983453370,114490.39,0.0,C1060799549,0.0,0.0,1,0
CASH_OUT,14148.64,C1691969506,14148.64,0.0,C1391033191,79499.16,93647.8,1,0
TRANSFER,106584.32,C1375184391,106584.32,0.0,C291162245,0.0,0.0,1,0
CASH_OUT,4294676.05,C525104705,4294676.05,0.0,C1490211524,1061317.39,5355993.45,1,0
CASH_OUT,177137.79,C1805892433,177137.79,0.0,C1785173435,496799.27,673937.06,1,0
TRANSFER,213983.59,C286239409,213983.59,0.0,C151804423,0.0,0.0,1,0
CASH_OUT,278577.6,C47565118,278577.6,0.0,C939725119,124948.07,403525.68,1,0
TRANSFER,70125.14,C292281038,70125.14,0.0,C1409481087,0.0,0.0,1,0
TRANSFER,2485467.28,C498171092,2485467.28,0.0,C1522527202,0.0,0.0,1,0
TRANSFER,93459.89,C1518273469,93459.89,0.0,C1076725693,0.0,0.0,1,0
TRANSFER,119041.12,C1641625877,119041.12,0.0,C156225699,0.0,0.0,1,0
TRANSFER,837192.23,C653262851,837192.23,0.0,C690345380,0.0,0.0,1,0
CASH_OUT,605108.36,C258213312,605108.36,0.0,C1204527929,893880.11,1498988.47,1,0
CASH_OUT,710385.55,C1689637064,710385.55,0.0,C470068344,664259.42,1374644.97,1,0
CASH_OUT,466580.69,C1820999886,466580.69,0.0,C838394568,775534.24,1242114.93,1,0
TRANSFER,272187.2,C961503749,272187.2,0.0,C1831005460,0.0,0.0,1,0
CASH_OUT,7758036.72,C459813446,7758036.72,0.0,C294714363,47778.61,7805815.33,1,0
CASH_OUT,174.92,C722054736,174.92,0.0,C1009545186,29134.25,29309.17,1,0
TRANSFER,394605.69,C667718878,394605.69,0.0,C1909363754,0.0,0.0,1,0
TRANSFER,247877.03,C1045305148,247877.03,0.0,C673712025,0.0,0.0,1,0
CASH_OUT,79039.81,C838045354,79039.81,0.0,C1980653895,11270532.7,11349572.51,1,0
CASH_OUT,4529.65,C2141175664,4529.65,0.0,C968979703,293443.08,297972.73,1,0
CASH_OUT,40013.19,C1200853822,40013.19,0.0,C1373765456,0.0,40013.19,1,0
TRANSFER,156011.24,C1496997212,156011.24,0.0,C1588957214,0.0,0.0,1,0
TRANSFER,8488865.83,C2072377567,8488865.83,0.0,C816064707,0.0,0.0,1,0
TRANSFER,803794.53,C2012277914,803794.53,0.0,C2023785660,0.0,0.0,1,0
CASH_OUT,785323.0,C1794798581,785323.0,0.0,C801984124,803839.25,1720783.92,1,0
CASH_OUT,7596886.83,C1942950399,7596886.83,0.0,C1781043707,1022130.96,8619017.79,1,0
TRANSFER,143032.0,C1960144830,143032.0,0.0,C801162238,0.0,0.0,1,0
CASH_OUT,141730.2,C1282179379,141730.2,0.0,C1943218565,439133.62,580863.82,1,0
TRANSFER,10000000.0,C1734365365,15591414.49,5591414.49,C1564795146,0.0,0.0,1,0
TRANSFER,201281.36,C1271087457,201281.36,0.0,C1017401472,0.0,0.0,1,0
TRANSFER,9366.63,C892421305,9366.63,0.0,C1944775244,0.0,0.0,1,0
CASH_OUT,811459.21,C1102225556,811459.21,0.0,C2084986511,843227.0,1654686.21,1,0
CASH_OUT,332138.32,C520847673,332138.32,0.0,C362089456,52021.34,384159.66,1,0
CASH_OUT,1760061.57,C1907027988,1760061.57,0.0,C1368065448,142305.44,1902367.02,1,0
TRANSFER,110528.53,C307234825,110528.53,0.0,C949239257,0.0,0.0,1,0
TRANSFER,333082.71,C1332702654,333082.71,0.0,C858197889,0.0,0.0,1,0
TRANSFER,2979972.78,C1904352957,2979972.78,0.0,C436096516,0.0,0.0,1,0
CASH_OUT,157628.35,C418787765,157628.35,0.0,C492603644,17051087.32,17208715.67,1,0
TRANSFER,1158373.23,C1874090524,1158373.23,0.0,C152963065,0.0,0.0,1,0
TRANSFER,9593838.63,C1050497545,9593838.63,0.0,C457890781,0.0,0.0,1,0
CASH_OUT,211186.03,C783357937,211186.03,0.0,C2142384602,58283.43,269469.46,1,0
CASH_OUT,162326.52,C1532317723,162326.52,0.0,C446134087,0.0,162326.52,1,0
CASH_OUT,41428.9,C2052119405,41428.9,0.0,C1101469852,25069.03,66497.93,1,0
CASH_OUT,56745.14,C526144262,56745.14,0.0,C79051264,51433.88,108179.02,1,0
TRANSFER,724264.21,C1765244113,724264.21,0.0,C737913546,0.0,0.0,1,0
TRANSFER,231161.48,C2098770464,231161.48,0.0,C563164631,0.0,0.0,1,0
CASH_OUT,643052.88,C1834671253,643052.88,0.0,C598267252,0.0,643052.88,1,0
CASH_OUT,172362.84,C2086071347,172362.84,0.0,C402578336,543266.37,715629.21,1,0
CASH_OUT,4243468.19,C175411270,4243468.19,0.0,C1082242132,698483.22,4941951.41,1,0
CASH_OUT,25071.46,C1275464847,25071.46,0.0,C1364913072,9083.76,34155.22,1,0
TRANSFER,1136374.62,C964435402,1136374.62,0.0,C9599628,0.0,0.0,1,0
TRANSFER,309958.79,C1943739339,309958.79,0.0,C1225002524,0.0,0.0,1,0
TRANSFER,383661.1,C457476945,383661.1,0.0,C1688658215,0.0,0.0,1,0
CASH_OUT,351843.08,C1394122484,351843.08,0.0,C1271826581,168762.92,520606.0,1,0
CASH_OUT,375141.86,C701624448,375141.86,0.0,C1632095414,124753.19,252008.88,1,0
TRANSFER,389250.9,C1292366795,389250.9,0.0,C1609670189,0.0,0.0,1,0
TRANSFER,452804.42,C1206970364,452804.42,0.0,C218347710,0.0,0.0,1,0
TRANSFER,20225.17,C570327586,20225.17,0.0,C2065540881,0.0,0.0,1,0
TRANSFER,34498.05,C1185258850,34498.05,0.0,C1779051120,0.0,0.0,1,0
TRANSFER,269692.53,C1709469664,269692.53,0.0,C1444170043,0.0,0.0,1,0
CASH_OUT,249984.75,C1735200144,249984.75,0.0,C1452851320,0.0,249984.75,1,0
TRANSFER,553328.24,C1285139783,553328.24,0.0,C2050267427,0.0,0.0,1,0
CASH_OUT,916644.03,C673817136,916644.03,0.0,C2054229425,2026.9,918670.94,1,0
CASH_OUT,470956.59,C1792382836,470956.59,0.0,C1834120741,0.0,470956.59,1,0
TRANSFER,739856.92,C2140627643,739856.92,0.0,C1356176375,0.0,0.0,1,0
TRANSFER,353090.95,C1206624869,353090.95,0.0,C1470734212,0.0,0.0,1,0
CASH_OUT,99168.97,C1708206894,99168.97,0.0,C1422044374,360.3,99529.27,1,0
CASH_OUT,1762680.47,C1980352063,1762680.47,0.0,C1032628517,3039981.66,4802662.12,1,0
CASH_OUT,1467324.96,C97658415,1467324.96,0.0,C1960732564,75565.92,1542890.88,1,0
CASH_OUT,1350574.58,C414078193,1350574.58,0.0,C907833742,2925591.98,4276166.57,1,0
TRANSFER,16734.61,C166709172,16734.61,0.0,C1054064905,0.0,0.0,1,0
TRANSFER,98086.09,C1471407934,98086.09,0.0,C1180721612,0.0,0.0,1,0
CASH_OUT,636.0,C1789723757,636.0,0.0,C236701409,0.0,636.0,1,0
TRANSFER,30467.69,C791741339,30467.69,0.0,C1611561805,0.0,0.0,1,0
TRANSFER,252189.32,C636129537,252189.32,0.0,C1515281371,0.0,0.0,1,0
CASH_OUT,67653.75,C277332716,67653.75,0.0,C1073000277,246219.93,313873.68,1,0
TRANSFER,3947541.37,C38256696,3947541.37,0.0,C160187757,0.0,0.0,1,0
TRANSFER,85017.99,C1028321067,85017.99,0.0,C1506966861,0.0,0.0,1,0
TRANSFER,8274020.94,C840630111,8274020.94,0.0,C825235440,0.0,0.0,1,0
CASH_OUT,2642116.95,C625254221,2642116.95,0.0,C933591789,0.0,2642116.95,1,0
CASH_OUT,9198459.96,C1904629487,9198459.96,0.0,C1741955070,258747.84,15173859.31,1,0
CASH_OUT,150245.05,C2046096221,150245.05,0.0,C1306048259,1833611.89,1983856.94,1,0
CASH_OUT,39247.74,C1684585857,39247.74,0.0,C2029518292,3972842.93,4012090.67,1,0
CASH_OUT,444898.97,C997831977,444898.97,0.0,C709373324,1970664.81,2415563.78,1,0
TRANSFER,266351.6,C1353043821,266351.6,0.0,C681894805,0.0,0.0,1,0
TRANSFER,491847.47,C1042812790,491847.47,0.0,C610496257,0.0,0.0,1,0
TRANSFER,173782.59,C517594835,173782.59,0.0,C1448192965,0.0,0.0,1,0
TRANSFER,188854.39,C796435829,188854.39,0.0,C453493362,0.0,0.0,1,0
CASH_OUT,1027152.36,C1016323653,1027152.36,0.0,C409414944,519428.56,1546580.92,1,0
TRANSFER,1782737.6,C769822179,1782737.6,0.0,C6004942,0.0,0.0,1,0
TRANSFER,10000000.0,C1930318116,22542664.27,12542664.27,C1923492040,0.0,0.0,1,0
TRANSFER,53782.87,C1245242026,53782.87,0.0,C1270286855,0.0,0.0,1,0
TRANSFER,563149.41,C1064157081,563149.41,0.0,C755322456,0.0,0.0,1,0
TRANSFER,600722.15,C1741494580,600722.15,0.0,C180982183,0.0,0.0,1,0
CASH_OUT,1112204.51,C2114695453,1112204.51,0.0,C1134558606,0.0,1112204.51,1,0
TRANSFER,80397.86,C1839358501,80397.86,0.0,C1153377397,0.0,0.0,1,0
TRANSFER,1158070.88,C278936084,1158070.88,0.0,C1115591594,0.0,0.0,1,0
CASH_OUT,899782.7,C1241123022,899782.7,0.0,C28614156,106863.62,1006646.32,1,0
CASH_OUT,6392800.85,C1642321508,6392800.85,0.0,C2125497646,337849.17,6730650.03,1,0
CASH_OUT,60646.82,C1591547495,60646.82,0.0,C1132157369,43264.78,103911.6,1,0
CASH_OUT,70173.64,C814413517,70173.64,0.0,C1964653709,75612.15,145785.79,1,0
CASH_OUT,3774777.76,C1440842391,3774777.76,0.0,C1163108586,597455.51,4372233.27,1,0
CASH_OUT,121579.98,C155517114,121579.98,0.0,C1160105017,0.0,121579.98,1,0
CASH_OUT,1518718.03,C444193211,1518718.03,0.0,C2126573735,0.0,1518718.03,1,0
TRANSFER,1803411.53,C660401037,1803411.53,0.0,C1657963478,0.0,0.0,1,0
CASH_OUT,2662734.59,C813115168,2662734.59,0.0,C401825929,14165.62,2930405.33,1,0
TRANSFER,243348.28,C549929382,243348.28,0.0,C897010793,0.0,0.0,1,0
TRANSFER,75734.99,C2133141202,75734.99,0.0,C1561593224,0.0,0.0,1,0
TRANSFER,1311150.9,C1492220840,1311150.9,0.0,C839360691,0.0,0.0,1,0
TRANSFER,376639.05,C1314499487,376639.05,0.0,C588423293,0.0,0.0,1,0
CASH_OUT,203881.96,C1224520946,203881.96,0.0,C819353215,0.0,203881.96,1,0
CASH_OUT,166880.54,C1410981762,166880.54,0.0,C1352381069,0.0,166880.54,1,0
TRANSFER,2136099.59,C913417990,2136099.59,0.0,C1582467338,0.0,0.0,1,0
TRANSFER,797235.09,C1509490957,797235.09,0.0,C1619575537,0.0,0.0,1,0
CASH_OUT,438224.6,C1238831225,438224.6,0.0,C296924123,320697.46,758922.05,1,0
CASH_OUT,5777706.65,C1812401668,5777706.65,0.0,C1367015586,0.0,5777706.65,1,0
TRANSFER,22117.99,C862057815,22117.99,0.0,C1962362775,0.0,0.0,1,0
TRANSFER,25975.86,C864622150,25975.86,0.0,C41792607,0.0,0.0,1,0
TRANSFER,31074.0,C457962127,31074.0,0.0,C614104997,0.0,0.0,1,0
CASH_OUT,580010.03,C764461588,580010.03,0.0,C229248681,41887.5,621897.52,1,0
CASH_OUT,2913787.08,C2088472224,2913787.08,0.0,C1707633180,0.0,2913787.08,1,0
CASH_OUT,135845.3,C1714727890,135845.3,0.0,C1924984729,448088.56,583933.86,1,0
TRANSFER,955505.54,C997127653,955505.54,0.0,C1969513501,0.0,0.0,1,0
CASH_OUT,340119.98,C1783169722,340119.98,0.0,C1911284764,3680505.2,4020625.18,1,0
CASH_OUT,963532.14,C430329518,963532.14,0.0,C991505714,132382.57,1095914.71,1,0
TRANSFER,2517188.06,C1780110867,2517188.06,0.0,C778584295,0.0,0.0,1,0
TRANSFER,973805.75,C10712954,973805.75,0.0,C354003512,0.0,0.0,1,0
TRANSFER,476890.47,C1700987687,476890.47,0.0,C463702368,0.0,0.0,1,0
TRANSFER,3042111.54,C1680736871,3042111.54,0.0,C880626783,0.0,0.0,1,0
CASH_OUT,747282.4,C842684426,747282.4,0.0,C2025644484,5340917.82,6088200.22,1,0
TRANSFER,279728.8,C2057236817,279728.8,0.0,C2091501904,0.0,0.0,1,0
CASH_OUT,100840.93,C1892976179,100840.93,0.0,C1902905747,47681.33,148522.26,1,0
TRANSFER,537539.57,C2018539678,537539.57,0.0,C282412954,0.0,0.0,1,0
TRANSFER,470325.08,C938594796,470325.08,0.0,C403817977,0.0,0.0,1,0
TRANSFER,681007.64,C1124786108,681007.64,0.0,C1894579301,0.0,0.0,1,0
TRANSFER,32527.0,C1930526816,32527.0,0.0,C1608920091,0.0,0.0,1,0
CASH_OUT,1767112.66,C152862745,1767112.66,0.0,C636779273,1807813.82,3574926.48,1,0
CASH_OUT,108783.2,C656154265,108783.2,0.0,C1779832819,89597.75,198380.95,1,0
CASH_OUT,171880.67,C19486690,171880.67,0.0,C1283356428,2893198.81,3086348.25,1,0
TRANSFER,319887.08,C1989363857,319887.08,0.0,C1194956455,0.0,0.0,1,0
CASH_OUT,652782.54,C1743463751,652782.54,0.0,C400200038,170737.43,823519.97,1,0
TRANSFER,561948.38,C856217790,561948.38,0.0,C1278181974,0.0,0.0,1,0
CASH_OUT,8980853.88,C822799769,8980853.88,0.0,C2068912679,50532.12,9031386.0,1,0
CASH_OUT,259820.39,C722639909,259820.39,0.0,C1903020590,32888.78,292709.17,1,0
CASH_OUT,366014.33,C373022039,366014.33,0.0,C1901902760,3543787.25,3909801.59,1,0
TRANSFER,44044.79,C840857519,44044.79,0.0,C227745281,0.0,0.0,1,0
CASH_OUT,3592596.97,C1645091760,3592596.97,0.0,C504240309,1512703.69,5105300.66,1,0
TRANSFER,911895.71,C451714826,911895.71,0.0,C437448683,0.0,0.0,1,0
TRANSFER,76133.19,C479649158,76133.19,0.0,C1258331741,0.0,0.0,1,0
CASH_OUT,638487.85,C810576421,638487.85,0.0,C393990898,0.0,638487.85,1,0
TRANSFER,1336901.11,C1039450195,1336901.11,0.0,C221111810,0.0,0.0,1,0
CASH_OUT,237776.02,C598482992,237776.02,0.0,C1388784349,102969.39,340745.41,1,0
TRANSFER,949979.11,C1093983453,949979.11,0.0,C1655127778,0.0,0.0,1,0
TRANSFER,1050635.77,C2102374682,1050635.77,0.0,C1827800010,0.0,0.0,1,0
CASH_OUT,1600721.32,C2142600203,1600721.32,0.0,C1363796559,0.0,1600721.32,1,0
TRANSFER,1159010.44,C695823841,1159010.44,0.0,C679367763,0.0,0.0,1,0
CASH_OUT,5016884.33,C1525254623,5016884.33,0.0,C1911342883,3425450.21,8442334.54,1,0
CASH_OUT,282500.69,C750260053,282500.69,0.0,C1495197432,27806.82,310307.51,1,0
CASH_OUT,87660.69,C1371078457,87660.69,0.0,C885540169,2644942.3,2732603.0,1,0
CASH_OUT,844348.52,C1071582702,844348.52,0.0,C2098599173,37158.79,881507.31,1,0
TRANSFER,36359.57,C1167233065,36359.57,0.0,C528250681,0.0,0.0,1,0
CASH_OUT,21580.37,C712964669,21580.37,0.0,C621549388,0.0,21580.37,1,0
CASH_OUT,20314.97,C1545814282,20314.97,0.0,C183363284,1270005.54,1290320.51,1,0
CASH_OUT,541486.74,C1890301666,541486.74,0.0,C1690450684,0.0,541486.74,1,0
CASH_OUT,78028.89,C524658055,78028.89,0.0,C200964845,473519.42,551548.31,1,0
TRANSFER,102009.37,C284996828,102009.37,0.0,C1044221964,0.0,0.0,1,0
TRANSFER,1240717.75,C2142112051,1240717.75,0.0,C853827129,0.0,0.0,1,0
TRANSFER,230204.96,C981450305,230204.96,0.0,C1358922022,0.0,0.0,1,0
TRANSFER,3028421.03,C2107000276,3028421.03,0.0,C1629716841,0.0,0.0,1,0
TRANSFER,167606.49,C1631161002,167606.49,0.0,C2099952089,0.0,0.0,1,0
TRANSFER,158245.65,C1147249534,158245.65,0.0,C1048851683,0.0,0.0,1,0
CASH_OUT,12855.05,C1549789075,12855.05,0.0,C255083799,2753536.73,2766391.78,1,0
TRANSFER,1749325.14,C1343086585,1749325.14,0.0,C256353022,0.0,0.0,1,0
CASH_OUT,28308.97,C1851254039,28308.97,0.0,C1151857075,0.0,28308.97,1,0
CASH_OUT,2326251.51,C2114453314,2326251.51,0.0,C2024824316,37662.1,2363913.61,1,0
CASH_OUT,834495.09,C1461019839,834495.09,0.0,C685427542,471101.6,1305596.69,1,0
CASH_OUT,262960.23,C1968069428,262960.23,0.0,C743933845,0.0,262960.23,1,0
CASH_OUT,1380940.73,C1061974347,1380940.73,0.0,C2132628284,185939.03,1566879.76,1,0
CASH_OUT,749316.7,C266009460,749316.7,0.0,C979680839,129235.97,878552.67,1,0
CASH_OUT,188441.76,C715880605,188441.76,0.0,C1214261150,7551194.23,7739635.99,1,0
TRANSFER,495773.64,C1248328274,495773.64,0.0,C917413885,0.0,0.0,1,0
CASH_OUT,2947783.87,C1092143469,2947783.87,0.0,C528593406,353246.54,3301030.4,1,0
CASH_OUT,2209035.37,C1720700967,2209035.37,0.0,C126465799,124117.1,2333152.48,1,0
TRANSFER,150924.76,C1104531414,150924.76,0.0,C1502819168,0.0,0.0,1,0
CASH_OUT,350233.08,C2139196557,350233.08,0.0,C1438967690,39341.87,389574.95,1,0
CASH_OUT,126690.14,C1827521206,126690.14,0.0,C1015650621,353834.29,480524.43,1,0
CASH_OUT,887941.44,C1115286085,887941.44,0.0,C1695441224,69603.07,957544.51,1,0
TRANSFER,2284476.12,C85727598,2284476.12,0.0,C577003768,0.0,0.0,1,0
TRANSFER,21832.43,C2086908548,21832.43,0.0,C418623592,0.0,0.0,1,0
CASH_OUT,5469910.99,C1741031215,5469910.99,0.0,C1048619563,115992.44,5585903.43,1,0
TRANSFER,248123.95,C551643409,248123.95,0.0,C634586560,0.0,0.0,1,0
TRANSFER,40651.96,C1619881995,40651.96,0.0,C293156526,0.0,0.0,1,0
TRANSFER,148305.3,C792987085,148305.3,0.0,C1731551447,0.0,0.0,1,0
CASH_OUT,6783.47,C87316274,6783.47,0.0,C1051603827,88745.55,95529.02,1,0
CASH_OUT,115125.3,C908924241,115125.3,0.0,C1546609345,8601839.76,8716965.06,1,0
CASH_OUT,20243.24,C1068081772,20243.24,0.0,C966943233,1132460.42,1152703.66,1,0
CASH_OUT,2709729.22,C628191436,2709729.22,0.0,C1265889707,411422.93,3121152.15,1,0
TRANSFER,5566.14,C1386471589,5566.14,0.0,C827527854,0.0,0.0,1,0
TRANSFER,24773.86,C1068269457,24773.86,0.0,C746567344,0.0,0.0,1,0
CASH_OUT,155002.83,C1511917182,155002.83,0.0,C30026767,0.0,155002.83,1,0
TRANSFER,325470.07,C980546604,325470.07,0.0,C1230677699,0.0,0.0,1,0
CASH_OUT,3260215.75,C1978325769,3260215.75,0.0,C297774281,0.0,3260215.75,1,0
CASH_OUT,44116.87,C820569216,44116.87,0.0,C1301835304,0.0,44116.87,1,0
CASH_OUT,511379.9,C1440012977,511379.9,0.0,C644163395,3439249.7,3950629.6,1,0
CASH_OUT,1307156.17,C1140455895,1307156.17,0.0,C1640699182,273026.12,1580182.28,1,0
TRANSFER,44164.0,C1644806560,44164.0,0.0,C1111727092,0.0,0.0,1,0
TRANSFER,38427.47,C433911450,38427.47,0.0,C2145994547,0.0,0.0,1,0
TRANSFER,1974352.3,C745648946,1974352.3,0.0,C1091334879,0.0,0.0,1,0
TRANSFER,760625.76,C1611123412,760625.76,0.0,C1796277088,0.0,0.0,1,0
CASH_OUT,526787.54,C17858706,526787.54,0.0,C756639057,2422.53,563605.43,1,0
CASH_OUT,2926854.05,C2122806908,2926854.05,0.0,C1546411648,0.0,2926854.05,1,0
TRANSFER,103056.0,C383698470,103056.0,0.0,C761769299,0.0,0.0,1,0
TRANSFER,528149.74,C1626028230,528149.74,0.0,C581480789,0.0,0.0,1,0
TRANSFER,2274566.61,C1462703827,2274566.61,0.0,C961774996,0.0,0.0,1,0
CASH_OUT,56290.17,C1206601325,56290.17,0.0,C1160408555,10484036.58,10540326.75,1,0
TRANSFER,1254092.1,C159727303,1254092.1,0.0,C1989484801,0.0,0.0,1,0
TRANSFER,759257.55,C397506007,759257.55,0.0,C681255976,0.0,0.0,1,0
TRANSFER,203881.96,C394205756,203881.96,0.0,C1002233012,0.0,0.0,1,0
CASH_OUT,340198.41,C1369188336,340198.41,0.0,C1627551181,1614043.79,1954242.21,1,0
TRANSFER,266836.35,C2060513697,266836.35,0.0,C2105369432,0.0,0.0,1,0
TRANSFER,163294.35,C1008040846,163294.35,0.0,C1284780903,0.0,0.0,1,0
TRANSFER,2095699.93,C276670943,2095699.93,0.0,C653396783,0.0,0.0,1,0
CASH_OUT,253261.96,C1705481252,253261.96,0.0,C1051090586,95869.95,349131.91,1,0
TRANSFER,966389.93,C920351883,966389.93,0.0,C870252964,0.0,0.0,1,0
CASH_OUT,222517.07,C131696791,222517.07,0.0,C1282495156,130580.85,353097.93,1,0
CASH_OUT,198888.16,C1673158726,198888.16,0.0,C543602105,359018.15,557906.31,1,0
CASH_OUT,108213.6,C1360735702,108213.6,0.0,C831415203,3191417.38,3299630.98,1,0
TRANSFER,339275.64,C427722942,339275.64,0.0,C2116826462,0.0,0.0,1,0
TRANSFER,2433009.28,C43243271,2433009.28,0.0,C1042226944,0.0,0.0,1,0
CASH_OUT,545780.7,C68418619,545780.7,0.0,C1298522904,0.0,545780.7,1,0
CASH_OUT,134861.82,C246939575,134861.82,0.0,C1715366511,0.0,134861.82,1,0
TRANSFER,163353.64,C306323012,163353.64,0.0,C1137288275,0.0,0.0,1,0
CASH_OUT,472808.24,C524534489,472808.24,0.0,C1625163928,0.0,472808.24,1,0
TRANSFER,283415.1,C828404341,283415.1,0.0,C1030933184,0.0,0.0,1,0
CASH_OUT,10000000.0,C99979309,10000000.0,0.0,C427067936,5859505.54,15859505.54,1,0
CASH_OUT,1058602.68,C1287511986,1058602.68,0.0,C532433222,628385.94,1686988.62,1,0
CASH_OUT,178569.48,C395825139,178569.48,0.0,C1241208981,263128.53,441698.01,1,0
CASH_OUT,40867.66,C1092813707,40867.66,0.0,C769266186,0.0,40867.66,1,0
CASH_OUT,1454356.81,C594782618,1454356.81,0.0,C921928556,2374898.66,3829255.47,1,0
TRANSFER,283976.3,C2004415604,283976.3,0.0,C1405363067,0.0,0.0,1,0
CASH_OUT,404165.06,C254731202,404165.06,0.0,C1749677978,0.0,404165.06,1,0
CASH_OUT,438139.79,C450782452,438139.79,0.0,C610652311,3276649.54,3714789.33,1,0
TRANSFER,282500.69,C937056998,282500.69,0.0,C48363551,0.0,0.0,1,0
TRANSFER,38180.99,C556813703,38180.99,0.0,C1076802652,0.0,0.0,1,0
TRANSFER,174107.36,C1167176851,174107.36,0.0,C1633521068,0.0,0.0,1,0
TRANSFER,3150438.28,C1921052827,3150438.28,0.0,C117597233,0.0,0.0,1,0
TRANSFER,974452.84,C1044598698,974452.84,0.0,C1435437474,0.0,0.0,1,0
CASH_OUT,561446.32,C46584034,561446.32,0.0,C889161181,122622.57,684068.89,1,0
TRANSFER,356224.26,C768066152,356224.26,0.0,C1886597663,0.0,0.0,1,0
CASH_OUT,3596.83,C828281311,3596.83,0.0,C1509838482,695666.18,699263.0,1,0
CASH_OUT,177680.54,C741693784,177680.54,0.0,C1246356701,158560.03,336240.57,1,0
TRANSFER,940957.88,C1563386305,940957.88,0.0,C2099892089,0.0,0.0,1,0
CASH_OUT,92001.22,C448834198,92001.22,0.0,C332333924,329180.16,421181.38,1,0
TRANSFER,54583.71,C1580268172,54583.71,0.0,C1057362317,0.0,0.0,1,0
CASH_OUT,285376.6,C1221197048,285376.6,0.0,C171730324,2719914.68,3005291.27,1,0
CASH_OUT,366896.03,C2113748548,366896.03,0.0,C2051326295,0.0,366896.03,1,0
CASH_OUT,766631.82,C876716683,766631.82,0.0,C1473416514,0.0,766631.82,1,0
TRANSFER,1159831.33,C1369232913,1159831.33,0.0,C753294247,0.0,0.0,1,0
TRANSFER,279826.54,C1042499011,279826.54,0.0,C1660783549,0.0,0.0,1,0
CASH_OUT,50722.16,C688111556,50722.16,0.0,C679530338,21829.49,72551.64,1,0
CASH_OUT,3150438.28,C1100799459,3150438.28,0.0,C314198067,6711.43,3157149.71,1,0
TRANSFER,99165.12,C334746460,99165.12,0.0,C603653180,0.0,0.0,1,0
TRANSFER,6274752.67,C1756348910,6274752.67,0.0,C1746536582,0.0,0.0,1,0
CASH_OUT,115599.26,C649566267,115599.26,0.0,C1937119864,2621088.84,2736688.1,1,0
TRANSFER,43928.31,C1832804428,43928.31,0.0,C1373339236,0.0,0.0,1,0
TRANSFER,2221683.68,C150631994,2221683.68,0.0,C1160422569,0.0,0.0,1,0
TRANSFER,558136.45,C1925386760,558136.45,0.0,C1909453139,0.0,0.0,1,0
TRANSFER,68536.24,C1139422478,68536.24,0.0,C248138217,0.0,0.0,1,0
TRANSFER,536624.41,C1035541766,536624.41,536624.41,C1100697970,0.0,0.0,1,1
TRANSFER,74581.07,C841535427,74581.07,0.0,C1628153778,0.0,0.0,1,0
CASH_OUT,480404.03,C6427083,480404.03,0.0,C1751510346,40564.78,520968.81,1,0
TRANSFER,4222595.06,C796012531,4222595.06,0.0,C848830970,0.0,0.0,1,0
TRANSFER,1048388.34,C996566642,1048388.34,0.0,C1200267069,0.0,0.0,1,0
TRANSFER,612743.87,C160577338,612743.87,0.0,C162068560,0.0,0.0,1,0
TRANSFER,319208.14,C1314274977,319208.14,0.0,C650349902,0.0,0.0,1,0
TRANSFER,4241.44,C1002895272,4241.44,0.0,C2080434931,0.0,0.0,1,0
TRANSFER,1735647.47,C32677445,1735647.47,0.0,C154560289,0.0,0.0,1,0
CASH_OUT,737285.03,C830817076,737285.03,0.0,C235145980,0.0,737285.03,1,0
TRANSFER,175972.28,C729569848,175972.28,0.0,C684459901,0.0,0.0,1,0
CASH_OUT,10000000.0,C1814200711,10000000.0,0.0,C270577353,920463.99,10920463.99,1,0
TRANSFER,780687.45,C1149916025,780687.45,0.0,C757331107,0.0,0.0,1,0
TRANSFER,1465173.76,C166433413,1465173.76,0.0,C609529822,0.0,0.0,1,0
TRANSFER,1968431.0,C1366764100,1968431.0,0.0,C932961272,0.0,0.0,1,0
CASH_OUT,489944.93,C194088609,489944.93,0.0,C1786318719,297207.53,787152.46,1,0
TRANSFER,345526.4,C264616990,345526.4,0.0,C1955514169,0.0,0.0,1,0
CASH_OUT,815297.9,C533672978,815297.9,0.0,C1910425961,363475.49,1178773.39,1,0
TRANSFER,10000000.0,C1660275627,12321633.57,2321633.57,C851819118,0.0,0.0,1,0
CASH_OUT,59835.0,C1020461364,59835.0,0.0,C2144015041,255480.76,315315.76,1,0
TRANSFER,72901.03,C1861496569,72901.03,0.0,C286946367,0.0,0.0,1,0
TRANSFER,745156.83,C2129553279,745156.83,0.0,C1601194258,0.0,0.0,1,0
CASH_OUT,32521.24,C2134024588,32521.24,0.0,C492914405,327985.18,360506.42,1,0
TRANSFER,2393539.65,C211205523,2393539.65,0.0,C1430994246,0.0,0.0,1,0
CASH_OUT,92043.22,C784347509,92043.22,0.0,C1769542876,3090723.25,3182766.47,1,0
TRANSFER,48412.47,C1804135110,48412.47,0.0,C1940873838,0.0,0.0,1,0
CASH_OUT,157610.11,C1227085633,157610.11,0.0,C1712237759,949587.48,1107197.59,1,0
TRANSFER,99793.9,C205447867,99793.9,0.0,C892594669,0.0,0.0,1,0
CASH_OUT,20128.0,C1118430673,20128.0,0.0,C339924917,6268.0,12145.85,1,0
CASH_OUT,2308798.26,C2091244147,2308798.26,0.0,C1649766027,771002.6,3079800.87,1,0
TRANSFER,723915.85,C452762754,723915.85,0.0,C66230253,0.0,0.0,1,0
CASH_OUT,63009.43,C289965777,63009.43,0.0,C268959010,1057339.93,1120349.36,1,0
TRANSFER,3118811.65,C393374945,3118811.65,0.0,C639125907,0.0,0.0,1,0
TRANSFER,1722892.9,C538400340,1722892.9,0.0,C1674262851,0.0,0.0,1,0
TRANSFER,7114590.07,C2111007650,7114590.07,0.0,C830545754,0.0,0.0,1,0
TRANSFER,1018800.91,C1207144684,1018800.91,0.0,C948406463,0.0,0.0,1,0
TRANSFER,438139.79,C653094177,438139.79,0.0,C1710300918,0.0,0.0,1,0
CASH_OUT,1467968.73,C1032013375,1467968.73,0.0,C293921513,0.0,1467968.73,1,0
CASH_OUT,72547.29,C1087665354,72547.29,0.0,C121215038,79736.28,152283.57,1,0
TRANSFER,366896.03,C1253782028,366896.03,0.0,C2141598336,0.0,0.0,1,0
CASH_OUT,1593189.25,C1071076699,1593189.25,0.0,C1913721465,30324.58,1623513.83,1,0
CASH_OUT,1820864.64,C708222638,1820864.64,0.0,C106425191,1116665.47,2937530.11,1,0
CASH_OUT,1010857.38,C1536697892,1010857.38,0.0,C74013301,0.0,1010857.38,1,0
CASH_OUT,113309.55,C1936469791,113309.55,0.0,C471979620,0.0,113309.55,1,0
CASH_OUT,2016790.84,C1267813082,2016790.84,0.0,C1805553546,0.0,2016790.84,1,0
TRANSFER,964876.58,C1995588993,964876.58,0.0,C1782972951,0.0,0.0,1,0
TRANSFER,177217.55,C1034306839,177217.55,0.0,C1979293202,0.0,0.0,1,0
CASH_OUT,461442.52,C1093216808,461442.52,0.0,C713783990,11029.55,472472.07,1,0
TRANSFER,143592.89,C283218785,143592.89,0.0,C1008131550,0.0,0.0,1,0
CASH_OUT,75659.33,C1659770923,75659.33,0.0,C381855260,850226.66,925885.99,1,0
CASH_OUT,21832.43,C1802633720,21832.43,0.0,C1187210067,36801.19,58633.62,1,0
TRANSFER,889.76,C434935992,889.76,0.0,C1007799922,0.0,0.0,1,0
TRANSFER,37974.85,C1559945505,37974.85,0.0,C971134857,0.0,0.0,1,0
CASH_OUT,980310.0,C12592309,980310.0,0.0,C1599619333,0.0,980310.0,1,0
CASH_OUT,10000000.0,C944451895,10000000.0,0.0,C1941053102,179252.82,10179252.82,1,0
CASH_OUT,3924102.18,C390716812,3924102.18,0.0,C1387545582,0.0,3924102.18,1,0
TRANSFER,46081.45,C1009233877,46081.45,0.0,C1072793235,0.0,0.0,1,0
CASH_OUT,1516823.73,C1090892452,1516823.73,0.0,C657813915,386329.46,1903153.19,1,0
TRANSFER,342988.79,C1522760202,342988.79,0.0,C509783164,0.0,0.0,1,0
TRANSFER,939518.05,C1875095816,939518.05,0.0,C1637949405,0.0,0.0,1,0
TRANSFER,1543975.74,C802285127,1543975.74,0.0,C1728741843,0.0,0.0,1,0
TRANSFER,315654.19,C676090557,315654.19,0.0,C1516512243,0.0,0.0,1,0
TRANSFER,2926854.05,C1370085660,2926854.05,0.0,C1118723895,0.0,0.0,1,0
TRANSFER,255028.93,C1965921392,255028.93,0.0,C180655933,0.0,0.0,1,0
TRANSFER,296186.51,C792080112,296186.51,0.0,C1606793865,0.0,0.0,1,0
TRANSFER,614145.31,C1021093618,614145.31,0.0,C1029613730,0.0,0.0,1,0
TRANSFER,1172700.63,C545398254,1172700.63,0.0,C657638073,0.0,0.0,1,0
TRANSFER,10000000.0,C1004068843,27418265.31,17418265.31,C2116384638,0.0,0.0,1,0
TRANSFER,4830219.15,C58626602,4830219.15,0.0,C1366192319,0.0,0.0,1,0
TRANSFER,222694.08,C711809884,222694.08,0.0,C1914647954,0.0,0.0,1,0
CASH_OUT,329055.47,C2044227018,329055.47,0.0,C355168842,0.0,329055.47,1,0
CASH_OUT,78741.64,C1993214834,78741.64,0.0,C1402138462,48628.52,127370.16,1,0
CASH_OUT,435867.16,C1210833971,435867.16,0.0,C363013236,186826.4,622693.55,1,0
TRANSFER,244519.75,C189647886,244519.75,0.0,C532681837,0.0,0.0,1,0
TRANSFER,204030.2,C1112249638,204030.2,0.0,C1562672245,0.0,0.0,1,0
CASH_OUT,171200.54,C949614890,171200.54,0.0,C505532836,76266.33,247466.87,1,0
TRANSFER,239556.06,C759888632,239556.06,0.0,C1568773487,0.0,0.0,1,0
CASH_OUT,6545346.16,C1540810051,6545346.16,0.0,C123543768,272331.73,6817677.89,1,0
CASH_OUT,3580542.06,C181971032,3580542.06,0.0,C296076520,0.0,3580542.06,1,0
CASH_OUT,1253358.42,C2016314393,1253358.42,0.0,C1340510647,8398499.24,9651857.66,1,0
TRANSFER,813992.49,C460547143,813992.49,0.0,C830306578,0.0,0.0,1,0
TRANSFER,106681.18,C1867725412,106681.18,0.0,C1721123113,0.0,0.0,1,0
CASH_OUT,10000000.0,C1952386173,10000000.0,0.0,C1054420449,211048.11,10211048.11,1,0
TRANSFER,337974.21,C2029593206,337974.21,0.0,C1780194403,0.0,0.0,1,0
CASH_OUT,46779.04,C664202020,46779.04,0.0,C390829633,0.0,46779.04,1,0
TRANSFER,3723738.06,C1553979696,3723738.06,0.0,C537828065,0.0,0.0,1,0
TRANSFER,56290.17,C873811972,56290.17,0.0,C1296531770,0.0,0.0,1,0
TRANSFER,5807351.83,C957078136,5807351.83,0.0,C819604043,0.0,0.0,1,0
CASH_OUT,1273674.05,C1758225011,1273674.05,0.0,C59790487,0.0,1273674.05,1,0
CASH_OUT,34099.1,C193914526,34099.1,0.0,C918538157,0.0,34099.1,1,0
CASH_OUT,215.83,C1831520820,215.83,0.0,C331175512,3563442.24,3563658.07,1,0
TRANSFER,3832058.34,C1279307827,3832058.34,0.0,C1124913173,0.0,0.0,1,0
CASH_OUT,620512.76,C2009642313,620512.76,0.0,C826590621,0.0,620512.76,1,0
CASH_OUT,75708.87,C2107705166,75708.87,0.0,C1387152188,4816.38,80525.25,1,0
CASH_OUT,79323.25,C1399341304,79323.25,0.0,C2113418561,194983.92,274307.16,1,0
CASH_OUT,120385.1,C499322618,120385.1,0.0,C1596015733,0.0,120385.1,1,0
TRANSFER,1043934.97,C408079205,1043934.97,0.0,C1354584978,0.0,0.0,1,0
TRANSFER,3452538.75,C937580010,3452538.75,0.0,C1096456296,0.0,0.0,1,0
TRANSFER,480404.03,C1962729026,480404.03,0.0,C1853051693,0.0,0.0,1,0
TRANSFER,134497.41,C1471003235,134497.41,0.0,C354295932,0.0,0.0,1,0
CASH_OUT,320977.49,C987967282,320977.49,0.0,C94618150,0.0,320977.49,1,0
TRANSFER,65761.13,C1565735619,65761.13,0.0,C2066417026,0.0,0.0,1,0
TRANSFER,1494432.21,C2072241236,1494432.21,0.0,C165716979,0.0,0.0,1,0
CASH_OUT,34162.97,C602497337,34162.97,0.0,C1662459013,0.0,34162.97,1,0
TRANSFER,87698.36,C1054999314,87698.36,0.0,C2115677481,0.0,0.0,1,0
TRANSFER,120411.9,C705419652,120411.9,0.0,C252146807,0.0,0.0,1,0
TRANSFER,582571.87,C1164571434,582571.87,0.0,C895361185,0.0,0.0,1,0
TRANSFER,2983996.6,C491418989,2983996.6,0.0,C2053136767,0.0,0.0,1,0
TRANSFER,7578130.45,C1538555812,7578130.45,0.0,C1230453143,0.0,0.0,1,0
CASH_OUT,556720.82,C1521556505,556720.82,0.0,C1224252499,2525193.48,3081914.29,1,0
TRANSFER,456745.18,C1016889565,456745.18,0.0,C1924324818,0.0,0.0,1,0
TRANSFER,4120.14,C2002472710,4120.14,0.0,C2023856876,0.0,0.0,1,0
CASH_OUT,4099382.36,C934857177,4099382.36,0.0,C358568461,0.0,4099382.36,1,0
TRANSFER,2406332.79,C676092302,2406332.79,0.0,C636444299,0.0,0.0,1,0
CASH_OUT,196149.04,C1282559075,196149.04,0.0,C1815880438,193203.94,389352.99,1,0
TRANSFER,653983.93,C951821221,653983.93,0.0,C1535144828,0.0,0.0,1,0
CASH_OUT,762782.66,C1357888616,762782.66,0.0,C1949432790,0.0,762782.66,1,0
CASH_OUT,10000000.0,C1299526002,10000000.0,0.0,C1744662180,0.0,10000000.0,1,0
CASH_OUT,376367.26,C672988614,376367.26,0.0,C563840868,0.0,376367.26,1,0
TRANSFER,653151.55,C1103031078,653151.55,0.0,C1355105404,0.0,0.0,1,0
CASH_OUT,1720600.92,C1928293922,1720600.92,0.0,C2120663616,5085691.59,6806292.51,1,0
TRANSFER,1697655.62,C1402144865,1697655.62,0.0,C1102195380,0.0,0.0,1,0
CASH_OUT,45758.71,C959463249,45758.71,0.0,C854630819,0.0,45758.71,1,0
CASH_OUT,1185157.78,C1347068790,1185157.78,0.0,C726467776,0.0,1185157.78,1,0
CASH_OUT,1244224.16,C1409947310,1244224.16,0.0,C1545423847,1350776.28,2595000.45,1,0
CASH_OUT,400758.85,C1350723099,400758.85,0.0,C835842447,2210854.46,4090444.07,1,0
CASH_OUT,1123561.68,C1033117475,1123561.68,0.0,C538661860,0.0,1123561.68,1,0
CASH_OUT,2079746.13,C1063299871,2079746.13,0.0,C884992368,0.0,2079746.13,1,0
TRANSFER,753723.54,C1436025461,753723.54,0.0,C1927560310,0.0,0.0,1,0
CASH_OUT,5937.19,C1719825701,5937.19,0.0,C1058945845,36171.27,42108.46,1,0
CASH_OUT,217255.97,C1291131466,217255.97,0.0,C1786011910,2115234.86,2332490.82,1,0
CASH_OUT,14992.14,C243815682,14992.14,0.0,C1575356440,23867.57,38859.72,1,0
CASH_OUT,156396.46,C1659635357,156396.46,0.0,C876852627,842357.16,998753.62,1,0
TRANSFER,42418.85,C2070012456,42418.85,0.0,C849021900,0.0,0.0,1,0
CASH_OUT,1842.0,C323132484,1842.0,0.0,C1737682079,0.0,1842.0,1,0
TRANSFER,6199009.0,C838658203,6199009.0,0.0,C539837230,0.0,0.0,1,0
CASH_OUT,2392482.86,C1970217984,2392482.86,0.0,C1229385284,2414558.13,4807040.99,1,0
TRANSFER,504344.93,C653557164,504344.93,0.0,C37138390,0.0,0.0,1,0
CASH_OUT,164.0,C1173659886,164.0,0.0,C1769947269,4068.0,0.0,1,0
TRANSFER,897875.35,C7692150,897875.35,0.0,C402300594,0.0,0.0,1,0
CASH_OUT,181728.11,C2102265902,0.0,0.0,C789014007,11397.0,184477.77,1,0
CASH_OUT,615954.92,C1033091830,615954.92,0.0,C690014487,3271323.95,3887278.88,1,0
TRANSFER,100433.21,C1110061558,100433.21,0.0,C1628647605,0.0,0.0,1,0
CASH_OUT,87167.88,C817565031,87167.88,0.0,C2032615769,421005.27,508173.15,1,0
CASH_OUT,4814.69,C752353094,4814.69,0.0,C1794146784,0.0,4814.69,1,0
CASH_OUT,757422.83,C521408654,757422.83,0.0,C1512688061,1557751.33,2315174.16,1,0
TRANSFER,918087.96,C480126375,918087.96,0.0,C1995515228,0.0,0.0,1,0
TRANSFER,377038.53,C57383792,377038.53,0.0,C474654746,0.0,0.0,1,0
TRANSFER,11070.29,C1229752535,11070.29,0.0,C1345788432,0.0,0.0,1,0
CASH_OUT,188249.17,C670393440,188249.17,0.0,C928566980,381115.19,569364.36,1,0
TRANSFER,929106.32,C1689585176,929106.32,0.0,C57612044,0.0,0.0,1,0
TRANSFER,310726.29,C1591378177,310726.29,0.0,C1129556923,0.0,0.0,1,0
CASH_OUT,595854.2,C630264516,595854.2,0.0,C533475221,1794660.91,2390515.11,1,0
TRANSFER,10000000.0,C884104189,11975271.77,1975271.77,C1648566106,0.0,0.0,1,0
CASH_OUT,224230.16,C1055929140,224230.16,0.0,C645291473,427065.03,651295.19,1,0
CASH_OUT,2885466.96,C866414395,2885466.96,0.0,C315595990,28131.01,3268477.05,1,0
TRANSFER,3879669.76,C754455797,3879669.76,0.0,C2131616208,0.0,0.0,1,0
CASH_OUT,94261.84,C1967440853,94261.84,0.0,C1496631599,112303.11,206564.95,1,0
TRANSFER,44571.94,C1819568647,44571.94,0.0,C258309243,0.0,0.0,1,0
CASH_OUT,23610.85,C1790329459,23610.85,0.0,C409233491,212041.22,235652.07,1,0
TRANSFER,1583.28,C469202951,1583.28,0.0,C1107076598,0.0,0.0,1,0
CASH_OUT,19576.96,C158699247,19576.96,0.0,C1193716224,762608.82,782185.77,1,0
TRANSFER,215013.3,C29153340,215013.3,0.0,C1227830084,0.0,0.0,1,0
TRANSFER,1947831.96,C83368332,1947831.96,0.0,C195897320,0.0,0.0,1,0
CASH_OUT,1155128.91,C1202518126,1155128.91,0.0,C1162744412,0.0,1155128.91,1,0
TRANSFER,351843.08,C570339054,351843.08,0.0,C1608997043,0.0,0.0,1,0
TRANSFER,9345700.07,C1453976647,9345700.07,0.0,C1454683123,0.0,0.0,1,0
TRANSFER,7513581.46,C1185526711,7513581.46,0.0,C342454180,0.0,0.0,1,0
CASH_OUT,104957.85,C1731531059,104957.85,0.0,C621663353,29237.79,134195.64,1,0
TRANSFER,1954854.24,C998015371,1954854.24,0.0,C1009679725,0.0,0.0,1,0
CASH_OUT,277611.08,C2028451849,277611.08,0.0,C677754789,1588077.25,1865688.33,1,0
CASH_OUT,486175.4,C1737680610,486175.4,0.0,C1596545373,0.0,486175.4,1,0
TRANSFER,1933121.35,C1845779361,1933121.35,0.0,C1809033078,0.0,0.0,1,0
TRANSFER,346704.55,C1332180070,346704.55,0.0,C2027621451,0.0,0.0,1,0
CASH_OUT,810039.19,C1922445613,810039.19,0.0,C461145537,409035.12,1219074.31,1,0
CASH_OUT,435166.65,C743185292,435166.65,0.0,C1036804658,449215.85,884382.5,1,0
TRANSFER,810599.16,C986104580,810599.16,0.0,C638622205,0.0,0.0,1,0
TRANSFER,2693520.61,C2141912199,2693520.61,0.0,C598875397,0.0,0.0,1,0
TRANSFER,66188.66,C1129139063,66188.66,0.0,C1828742646,0.0,0.0,1,0
TRANSFER,1548376.44,C1119842359,1548376.44,0.0,C826187044,0.0,0.0,1,0
TRANSFER,24366.07,C113775713,24366.07,0.0,C405489983,0.0,0.0,1,0
TRANSFER,799797.88,C479893074,799797.88,0.0,C2076141378,0.0,0.0,1,0
TRANSFER,16274.51,C532758162,16274.51,0.0,C1844648753,0.0,0.0,1,0
CASH_OUT,106654.67,C1032151084,106654.67,0.0,C297867369,46760.32,153414.99,1,0
TRANSFER,1846748.79,C1895315229,1846748.79,0.0,C1691229227,0.0,0.0,1,0
CASH_OUT,134725.66,C922243256,134725.66,0.0,C1604176054,0.0,134725.66,1,0
CASH_OUT,534158.52,C971904885,534158.52,0.0,C726333596,5156.57,539315.09,1,0
TRANSFER,161859.16,C968443194,161859.16,0.0,C65648363,0.0,0.0,1,0
CASH_OUT,157272.13,C1023266164,157272.13,0.0,C1938541482,957665.04,1114937.17,1,0
CASH_OUT,472692.51,C145594916,472692.51,0.0,C1718370785,193065.83,665758.34,1,0
TRANSFER,86170.94,C111341928,86170.94,0.0,C192831287,0.0,0.0,1,0
TRANSFER,89596.79,C1585320500,89596.79,0.0,C1154746832,0.0,0.0,1,0
TRANSFER,426173.04,C1427622325,426173.04,0.0,C1382020476,0.0,0.0,1,0
TRANSFER,157353.39,C893034321,157353.39,0.0,C704220128,0.0,0.0,1,0
CASH_OUT,10000000.0,C724193820,10000000.0,0.0,C667232119,0.0,10000000.0,1,0
CASH_OUT,278619.91,C191042832,278619.91,0.0,C302294633,707791.17,986411.08,1,0
CASH_OUT,10000000.0,C981150535,10000000.0,0.0,C539137020,0.0,10000000.0,1,0
TRANSFER,343429.34,C818983201,343429.34,0.0,C890343735,0.0,0.0,1,0
TRANSFER,5591414.49,C68688915,5591414.49,0.0,C1379652013,0.0,0.0,1,0
CASH_OUT,2784.51,C1421116236,2784.51,0.0,C1258126361,4927905.98,4930690.49,1,0
TRANSFER,118106.94,C171913959,118106.94,0.0,C610195484,0.0,0.0,1,0
TRANSFER,5363795.31,C46940943,5363795.31,0.0,C1142866922,0.0,0.0,1,0
CASH_OUT,348983.86,C1006058561,348983.86,0.0,C235524557,73131.44,422115.3,1,0
CASH_OUT,108779.53,C522404571,108779.53,0.0,C71110217,0.0,108779.53,1,0
TRANSFER,2784.51,C1150996147,2784.51,0.0,C278927919,0.0,0.0,1,0
CASH_OUT,2624422.62,C690196835,2624422.62,0.0,C2075566592,1204416.83,3828839.45,1,0
CASH_OUT,127564.33,C471097879,127564.33,0.0,C312345,272123.54,399687.88,1,0
TRANSFER,816452.19,C1676610572,816452.19,0.0,C1173805843,0.0,0.0,1,0
TRANSFER,178180.03,C1660149357,178180.03,0.0,C1502223655,0.0,0.0,1,0
CASH_OUT,176007.37,C1761527843,176007.37,0.0,C172711572,0.0,176007.37,1,0
CASH_OUT,1631640.02,C1732115289,1631640.02,0.0,C262978946,705298.87,2336938.89,1,0
TRANSFER,88424.06,C2132033219,88424.06,0.0,C1378618834,0.0,0.0,1,0
CASH_OUT,173020.24,C2066174694,173020.24,0.0,C708073508,95201.75,268221.99,1,0
TRANSFER,265680.73,C871433982,265680.73,0.0,C7350276,0.0,0.0,1,0
TRANSFER,573266.42,C1106640250,573266.42,0.0,C1843521479,0.0,0.0,1,0
CASH_OUT,245106.78,C1403929359,245106.78,0.0,C1934932538,2622766.27,2867873.04,1,0
CASH_OUT,145458.94,C1888226691,145458.94,0.0,C1996220019,193730.82,339189.76,1,0
TRANSFER,774868.1,C174708557,774868.1,0.0,C1964948476,0.0,0.0,1,0
CASH_OUT,134297.68,C1461368336,134297.68,0.0,C771844472,419490.33,553788.01,1,0
TRANSFER,122090.79,C1531940496,122090.79,0.0,C1898572552,0.0,0.0,1,0
CASH_OUT,609239.75,C1997221686,609239.75,0.0,C1705000386,236427.49,845667.24,1,0
TRANSFER,2135320.18,C220852922,2135320.18,0.0,C1681916503,0.0,0.0,1,0
TRANSFER,8720558.46,C582011779,8720558.46,0.0,C1801176562,0.0,0.0,1,0
TRANSFER,31045.76,C1059048177,31045.76,0.0,C1277391271,0.0,0.0,1,0
TRANSFER,125464.46,C33936647,125464.46,0.0,C1795712220,0.0,0.0,1,0
TRANSFER,5141769.94,C41354044,5141769.94,0.0,C1312570862,0.0,0.0,1,0
CASH_OUT,102945.99,C1847949987,102945.99,0.0,C1663207814,2276404.45,2379350.44,1,0
CASH_OUT,1946687.34,C1573457195,1946687.34,0.0,C22390987,0.0,1946687.34,1,0
CASH_OUT,3641525.7,C520336445,3641525.7,0.0,C1651162496,599102.39,4240628.09,1,0
CASH_OUT,1301410.68,C756143103,1301410.68,0.0,C1385992736,307091.75,1608502.44,1,0
CASH_OUT,1567591.24,C808430979,1567591.24,0.0,C1601875596,822753.07,2390344.31,1,0
TRANSFER,1028486.59,C1674374999,1028486.59,0.0,C1352876312,0.0,0.0,1,0
CASH_OUT,60891.94,C1858182940,60891.94,0.0,C1039809648,1534972.09,1595864.03,1,0
CASH_OUT,978261.98,C963556658,978261.98,0.0,C1776769189,713151.13,1691413.11,1,0
TRANSFER,103949.5,C82400750,103949.5,0.0,C1711150495,0.0,0.0,1,0
CASH_OUT,3738574.9,C1873441718,3738574.9,0.0,C1052470250,124080.87,3862655.77,1,0
TRANSFER,4900487.15,C688119342,4900487.15,0.0,C1773365552,0.0,0.0,1,0
CASH_OUT,116530.2,C1873019648,116530.2,0.0,C636323541,1608702.22,1725232.42,1,0
TRANSFER,143275.81,C1645658263,143275.81,0.0,C1494621207,0.0,0.0,1,0
TRANSFER,806850.06,C321712696,806850.06,0.0,C1645115422,0.0,0.0,1,0
TRANSFER,59127.34,C1444290021,59127.34,0.0,C959470338,0.0,0.0,1,0
TRANSFER,298365.86,C331578052,298365.86,0.0,C18819667,0.0,0.0,1,0
CASH_OUT,7114590.07,C115707854,7114590.07,0.0,C1107422385,172225.02,7286815.09,1,0
CASH_OUT,31574.65,C568731351,31574.65,0.0,C329030670,199385.83,230960.48,1,0
TRANSFER,116977.16,C637063091,116977.16,0.0,C835865588,0.0,0.0,1,0
CASH_OUT,186227.75,C185289348,186227.75,0.0,C1709297334,225566.47,411794.22,1,0
TRANSFER,913684.05,C182934676,913684.05,0.0,C1568271281,0.0,0.0,1,0
CASH_OUT,3569720.42,C2012983997,3569720.42,0.0,C365271329,0.0,3569720.42,1,0
CASH_OUT,71323.49,C1822929160,71323.49,0.0,C915515895,154430.46,225753.95,1,0
TRANSFER,336917.97,C1108270870,336917.97,0.0,C815315430,0.0,0.0,1,0
TRANSFER,680224.41,C2009706800,680224.41,0.0,C215387112,0.0,0.0,1,0
CASH_OUT,123146.28,C981071931,123146.28,0.0,C64963279,0.0,123146.28,1,0
TRANSFER,1688761.08,C777851401,1688761.08,0.0,C1452777690,0.0,0.0,1,0
CASH_OUT,813775.73,C122285117,813775.73,0.0,C1520619561,0.0,813775.73,1,0
CASH_OUT,1191399.72,C146466047,1191399.72,0.0,C213105039,2447080.16,3638479.89,1,0
TRANSFER,2044841.02,C1216424178,2044841.02,0.0,C988753376,0.0,0.0,1,0
TRANSFER,319883.28,C1346194314,319883.28,0.0,C2046261868,0.0,0.0,1,0
TRANSFER,688034.32,C939293281,688034.32,0.0,C1381364691,0.0,0.0,1,0
CASH_OUT,7304.56,C1939262024,7304.56,0.0,C239252386,0.0,7304.56,1,0
CASH_OUT,2689.43,C183290292,2689.43,0.0,C208671176,854373.6,857063.03,1,0
CASH_OUT,969259.07,C457586283,969259.07,0.0,C379384197,85723.45,1054982.52,1,0
CASH_OUT,1035401.2,C1689112462,1035401.2,0.0,C353554883,4906677.4,5942078.6,1,0
CASH_OUT,5818863.13,C1520029619,5818863.13,0.0,C152631073,227196.79,6046059.92,1,0
CASH_OUT,475315.61,C917675056,475315.61,0.0,C228772455,0.0,475315.61,1,0
CASH_OUT,10358.27,C2109337236,10358.27,0.0,C692561048,0.0,10358.27,1,0
TRANSFER,144731.73,C23978336,144731.73,0.0,C1766457372,0.0,0.0,1,0
CASH_OUT,454483.23,C2048358665,454483.23,0.0,C1850194854,3101746.61,3556229.83,1,0
CASH_OUT,1319703.76,C213706912,1319703.76,0.0,C961243143,1629051.49,2948755.26,1,0
CASH_OUT,5393290.34,C9591597,5393290.34,0.0,C686224839,838712.9,6232003.24,1,0
CASH_OUT,3973479.44,C2016119090,3973479.44,0.0,C784710502,2036641.34,6010120.78,1,0
CASH_OUT,921894.19,C1069707218,921894.19,0.0,C1691436572,523285.83,1445180.02,1,0
CASH_OUT,1155819.58,C1889323500,1155819.58,0.0,C846511826,0.0,1155819.58,1,0
CASH_OUT,1334919.42,C315283970,1334919.42,0.0,C527460234,2565752.24,3900671.66,1,0
CASH_OUT,916886.3,C1180613420,916886.3,0.0,C1976314551,3233104.45,4149990.75,1,0
CASH_OUT,65761.13,C845507735,65761.13,0.0,C1288737458,197135.39,262896.52,1,0
CASH_OUT,498747.55,C1268687725,498747.55,0.0,C1524935695,0.0,498747.55,1,0
TRANSFER,101392.92,C1484407499,101392.92,0.0,C86900925,0.0,0.0,1,0
CASH_OUT,158000.29,C927253405,158000.29,0.0,C1087985389,2330671.17,2488671.46,1,0
CASH_OUT,3887853.15,C594531860,3887853.15,0.0,C1303439903,3977835.62,7865688.77,1,0
CASH_OUT,767879.02,C1778269666,767879.02,0.0,C340908219,302527.93,1070406.95,1,0
CASH_OUT,163294.35,C1921431894,163294.35,0.0,C1280060028,234212.42,397506.77,1,0
TRANSFER,1634229.02,C1678762755,1634229.02,0.0,C12936598,0.0,0.0,1,0
CASH_OUT,601494.61,C1113436018,601494.61,0.0,C1251576610,0.0,601494.61,1,0
CASH_OUT,265961.0,C1978041486,265961.0,0.0,C1543581230,9354076.45,9620037.45,1,0
CASH_OUT,2415826.18,C445430208,2415826.18,0.0,C267089577,389260.33,2805086.51,1,0
CASH_OUT,55539.89,C1066149498,55539.89,0.0,C1356062559,498366.47,553906.36,1,0
TRANSFER,2025628.87,C542081155,2025628.87,0.0,C1155430613,0.0,0.0,1,0
CASH_OUT,925579.57,C1205909462,925579.57,0.0,C1728982613,2147930.24,3073509.81,1,0
CASH_OUT,1057053.6,C2060205709,1057053.6,0.0,C1377648519,0.0,1057053.6,1,0
CASH_OUT,745156.83,C189207115,745156.83,0.0,C1009906459,6325085.98,7070242.82,1,0
TRANSFER,1434440.31,C1722259172,1434440.31,0.0,C715201096,0.0,0.0,1,0
CASH_OUT,8783.42,C1170102327,8783.42,0.0,C1450016862,0.0,8783.42,1,0
TRANSFER,478078.24,C427680107,478078.24,0.0,C1365760959,0.0,0.0,1,0
TRANSFER,1746415.27,C1430436436,1746415.27,0.0,C1190598592,0.0,0.0,1,0
TRANSFER,27584.17,C728363232,27584.17,0.0,C2023858069,0.0,0.0,1,0
TRANSFER,238717.5,C492613437,238717.5,0.0,C74971191,0.0,0.0,1,0
TRANSFER,107834.85,C466412897,107834.85,0.0,C816944286,0.0,0.0,1,0
TRANSFER,934590.45,C163014239,934590.45,0.0,C1656492728,0.0,0.0,1,0
TRANSFER,170.0,C553034695,170.0,0.0,C26381896,0.0,0.0,1,0
TRANSFER,124582.58,C651444933,124582.58,0.0,C1161818914,0.0,0.0,1,0
CASH_OUT,1707.4,C933301215,1707.4,0.0,C306147226,0.0,1707.4,1,0
CASH_OUT,0.0,C1510987794,0.0,0.0,C1696624817,0.0,0.0,1,0
TRANSFER,2019508.99,C891657273,2019508.99,0.0,C862850216,0.0,0.0,1,0
CASH_OUT,401575.19,C1684571589,401575.19,0.0,C1619036760,0.0,401575.19,1,0
TRANSFER,2360965.74,C652805984,2360965.74,0.0,C1997052415,0.0,0.0,1,0
TRANSFER,119306.06,C1183843461,119306.06,0.0,C1830685403,0.0,0.0,1,0
TRANSFER,489111.71,C725816726,489111.71,0.0,C347075851,0.0,0.0,1,0
TRANSFER,175313.96,C1863782967,175313.96,0.0,C1170590191,0.0,0.0,1,0
TRANSFER,555731.98,C2046149869,555731.98,0.0,C1910853781,0.0,0.0,1,0
TRANSFER,385556.82,C1699346936,385556.82,0.0,C27494611,0.0,0.0,1,0
CASH_OUT,82209.71,C385209439,82209.71,0.0,C815628563,841367.51,923577.22,1,0
CASH_OUT,4448598.93,C222155538,4448598.93,0.0,C377165949,3196304.6,7644903.53,1,0
CASH_OUT,3879669.76,C1737566692,3879669.76,0.0,C54612631,621931.51,4501601.27,1,0
CASH_OUT,204721.27,C357911107,204721.27,0.0,C1450973124,0.0,204721.27,1,0
CASH_OUT,258355.42,C1113162093,258355.42,0.0,C797688696,25176.67,283532.09,1,0
TRANSFER,1445166.74,C757889087,1445166.74,0.0,C688244166,0.0,0.0,1,0
TRANSFER,6204.71,C2113148842,6204.71,0.0,C1485457980,0.0,0.0,1,0
TRANSFER,534255.94,C967325382,534255.94,0.0,C1259079602,0.0,0.0,1,0
TRANSFER,59996.12,C1938899713,59996.12,0.0,C1743910268,0.0,0.0,1,0
TRANSFER,1778520.7,C1279323433,1778520.7,0.0,C1913190788,0.0,0.0,1,0
CASH_OUT,246402.71,C1927784651,246402.71,0.0,C874576381,51433.96,297836.67,1,0
CASH_OUT,1165187.89,C1489843213,1165187.89,0.0,C784775373,0.0,1165187.89,1,0
TRANSFER,2082884.49,C1259321993,2082884.49,0.0,C663298413,0.0,0.0,1,0
TRANSFER,4644693.12,C774814056,4644693.12,0.0,C900711437,0.0,0.0,1,0
TRANSFER,501101.41,C1409061891,501101.41,0.0,C1663472922,0.0,0.0,1,0
TRANSFER,1350574.58,C919766733,1350574.58,0.0,C623650025,0.0,0.0,1,0
CASH_OUT,161859.16,C1806063410,161859.16,0.0,C278197109,0.0,161859.16,1,0
CASH_OUT,889.76,C1875485157,889.76,0.0,C1564090891,29138.76,30028.51,1,0
TRANSFER,375141.86,C797411112,375141.86,0.0,C1969431607,0.0,0.0,1,0
TRANSFER,1650.08,C640732216,1650.08,0.0,C14104285,0.0,0.0,1,0
CASH_OUT,1137603.28,C507008752,1137603.28,0.0,C1280720462,101685.4,1239288.68,1,0
CASH_OUT,108560.06,C1861301059,108560.06,0.0,C293709567,0.0,108560.06,1,0
TRANSFER,46661.03,C379326181,46661.03,0.0,C585824951,0.0,0.0,1,0
CASH_OUT,1282731.68,C605364658,1282731.68,0.0,C925896842,0.0,1282731.68,1,0
CASH_OUT,733119.42,C1931992336,733119.42,0.0,C2013008658,2751163.93,3484283.35,1,0
TRANSFER,3200270.32,C42995326,3200270.32,0.0,C1947251824,0.0,0.0,1,0
TRANSFER,1777674.32,C847645948,1777674.32,0.0,C269162612,0.0,0.0,1,0
CASH_OUT,1911239.21,C951381310,1911239.21,0.0,C1006459134,188720.75,2099959.96,1,0
CASH_OUT,221167.84,C75762686,221167.84,0.0,C711384774,180443.7,401611.54,1,0
CASH_OUT,503405.88,C140359285,503405.88,0.0,C2020337583,29669.0,533074.88,1,0
TRANSFER,114308.2,C1112871969,114308.2,0.0,C1982709686,0.0,0.0,1,0
CASH_OUT,424700.99,C548890827,424700.99,0.0,C1881121071,646139.13,1070840.13,1,0
TRANSFER,861189.54,C1336518891,861189.54,0.0,C1940750830,0.0,0.0,1,0
CASH_OUT,228706.19,C976368712,228706.19,0.0,C1575445861,118230.46,346936.65,1,0
CASH_OUT,66643.99,C1532111392,66643.99,0.0,C1540253595,26677.15,93321.15,1,0
TRANSFER,492896.75,C1728027611,492896.75,0.0,C1170151190,0.0,0.0,1,0
CASH_OUT,89014.32,C2128547053,89014.32,0.0,C2076906949,330651.68,419666.0,1,0
CASH_OUT,177429.18,C607706509,177429.18,0.0,C1138209414,26853.77,204282.95,1,0
CASH_OUT,358529.2,C831067844,358529.2,0.0,C1442540355,0.0,358529.2,1,0
CASH_OUT,2026529.56,C354227932,2026529.56,0.0,C467042735,511526.05,2538055.62,1,0
TRANSFER,394388.09,C1625333778,394388.09,0.0,C940087282,0.0,0.0,1,0
TRANSFER,5393290.34,C1392488521,5393290.34,0.0,C163718633,0.0,0.0,1,0
TRANSFER,4417191.86,C2061241585,4417191.86,0.0,C558432551,0.0,0.0,1,0
CASH_OUT,119143.75,C1983324612,119143.75,0.0,C1263469506,131451.57,250595.32,1,0
CASH_OUT,1160652.82,C1246624006,1160652.82,0.0,C1479799057,249210.51,1409863.33,1,0
CASH_OUT,2312944.11,C740474912,2312944.11,0.0,C1148944236,0.0,2312944.11,1,0
CASH_OUT,10000000.0,C2099173172,10000000.0,0.0,C497323053,239962.98,10239962.98,1,0
CASH_OUT,6295010.28,C1227906023,6295010.28,0.0,C1846430620,2848244.08,9143254.36,1,0
CASH_OUT,346183.99,C2146001467,346183.99,0.0,C1068882086,115683.41,461867.4,1,0
TRANSFER,461369.99,C152541672,461369.99,0.0,C14138104,0.0,0.0,1,0
CASH_OUT,7515624.63,C319141085,7515624.63,0.0,C1942668370,0.0,7515624.63,1,0
TRANSFER,790332.43,C247316356,790332.43,0.0,C600765612,0.0,0.0,1,0
TRANSFER,7078157.11,C973279667,7078157.11,0.0,C2055520993,0.0,0.0,1,0
TRANSFER,829012.31,C146118630,829012.31,0.0,C793816402,0.0,0.0,1,0
TRANSFER,107128.17,C65259597,107128.17,0.0,C355360625,0.0,0.0,1,0
CASH_OUT,1097309.24,C1436982406,1097309.24,0.0,C2024942087,0.0,1097309.24,1,0
CASH_OUT,1947807.58,C997675082,1947807.58,0.0,C99537162,149.0,1947956.58,1,0
CASH_OUT,146681.74,C356110177,146681.74,0.0,C1772296269,63872.75,210554.49,1,0
CASH_OUT,56847.17,C352513989,56847.17,0.0,C1452040424,90721.64,147568.81,1,0
CASH_OUT,322991.82,C895065191,322991.82,0.0,C317556709,57138.9,380130.72,1,0
CASH_OUT,9639524.7,C560583390,9639524.7,0.0,C1975522590,0.0,9639524.7,1,0
CASH_OUT,3947541.37,C2144474125,3947541.37,0.0,C1652358920,226201.44,4173742.81,1,0
CASH_OUT,160296.55,C665302161,160296.55,0.0,C274241270,2195257.38,2355553.93,1,0
CASH_OUT,431356.55,C1540105290,431356.55,0.0,C349350443,2787800.23,3219156.78,1,0
CASH_OUT,1495203.8,C82999164,1495203.8,0.0,C95880754,0.0,1495203.8,1,0
TRANSFER,594577.22,C2038871800,594577.22,0.0,C699011744,0.0,0.0,1,0
TRANSFER,416832.9,C1395649646,416832.9,0.0,C640393193,0.0,0.0,1,0
TRANSFER,84771.55,C353441050,84771.55,0.0,C1305397370,0.0,0.0,1,0
CASH_OUT,627088.33,C1637164849,627088.33,0.0,C1984867155,594476.39,1221564.72,1,0
CASH_OUT,2007.0,C1331829443,2007.0,0.0,C127509847,129917.8,250910.76,1,0
CASH_OUT,7196174.56,C1906024708,7196174.56,0.0,C252431988,14743.59,7094510.52,1,0
CASH_OUT,215299.28,C1776720234,215299.28,0.0,C1185292292,625774.78,841074.06,1,0
CASH_OUT,705529.08,C722954269,705529.08,0.0,C1084850642,41951.21,747480.29,1,0
TRANSFER,168033.36,C1780909298,168033.36,0.0,C1196822116,0.0,0.0,1,0
CASH_OUT,6513531.58,C537091000,6513531.58,0.0,C1919442037,0.0,6513531.58,1,0
TRANSFER,124057.58,C1827233798,124057.58,0.0,C203519578,0.0,0.0,1,0
CASH_OUT,5429153.98,C415854001,5429153.98,0.0,C655461013,0.0,5429153.98,1,0
CASH_OUT,307455.42,C1857166284,307455.42,0.0,C1314885852,0.0,307455.42,1,0
TRANSFER,249749.05,C2136238029,249749.05,0.0,C1843224503,0.0,0.0,1,0
CASH_OUT,334890.91,C693388130,334890.91,0.0,C603393840,293880.5,628771.41,1,0
TRANSFER,2654302.46,C286057800,2654302.46,0.0,C1593401972,0.0,0.0,1,0
CASH_OUT,45116.24,C172426650,45116.24,0.0,C209901373,0.0,45116.24,1,0
CASH_OUT,4640633.37,C2144262905,4640633.37,0.0,C1372520966,0.0,4640633.37,1,0
CASH_OUT,3595911.39,C1877698691,3595911.39,0.0,C1757559397,82970.96,3678882.35,1,0
TRANSFER,348915.96,C1721589363,348915.96,0.0,C2136928394,0.0,0.0,1,0
CASH_OUT,230652.43,C821616305,230652.43,0.0,C1559145787,55063.86,285716.3,1,0
TRANSFER,515645.16,C885687058,515645.16,0.0,C1873143762,0.0,0.0,1,0
TRANSFER,52795.24,C942132935,52795.24,0.0,C90395861,0.0,0.0,1,0
TRANSFER,216000.95,C666284351,216000.95,0.0,C1896227461,0.0,0.0,1,0
TRANSFER,4252656.95,C1243123662,4252656.95,0.0,C590057207,0.0,0.0,1,0
TRANSFER,815297.9,C1885333477,815297.9,0.0,C742632200,0.0,0.0,1,0
TRANSFER,14949.84,C140702728,14949.84,0.0,C634210724,0.0,0.0,1,0
CASH_OUT,1996.17,C858959216,1996.17,0.0,C864078397,2559.74,4555.92,1,0
CASH_OUT,475368.94,C916986889,475368.94,0.0,C1738798142,1348026.73,1823395.67,1,0
TRANSFER,351332.16,C1773992583,351332.16,0.0,C1305245838,0.0,0.0,1,0
CASH_OUT,86170.94,C1765660975,86170.94,0.0,C764101152,288270.7,374441.64,1,0
TRANSFER,265836.1,C1682150994,265836.1,0.0,C1759607478,0.0,0.0,1,0
TRANSFER,2720647.79,C1998926306,2720647.79,0.0,C619524298,0.0,0.0,1,0
CASH_OUT,192765.49,C1429774414,192765.49,0.0,C764672612,3252407.57,3445173.06,1,0
TRANSFER,6646879.72,C2023738276,6646879.72,0.0,C1104022737,0.0,0.0,1,0
TRANSFER,2066848.27,C1157016440,2066848.27,0.0,C1147862541,0.0,0.0,1,0
CASH_OUT,1218165.88,C807604201,1218165.88,0.0,C849028719,742564.27,1960730.15,1,0
TRANSFER,1290224.84,C296753895,1290224.84,0.0,C254269192,0.0,0.0,1,0
CASH_OUT,1051018.15,C1501559955,1051018.15,0.0,C1221134387,0.0,1051018.15,1,0
TRANSFER,164213.17,C236258946,164213.17,0.0,C439854722,0.0,0.0,1,0
TRANSFER,176007.37,C1086380273,176007.37,0.0,C1708357030,0.0,0.0,1,0
CASH_OUT,272791.44,C1671353324,272791.44,0.0,C1524911570,715267.02,988058.46,1,0
TRANSFER,5800988.12,C1770441952,5800988.12,0.0,C1228502814,0.0,0.0,1,0
TRANSFER,60314.32,C1597827743,60314.32,0.0,C1103826731,0.0,0.0,1,0
TRANSFER,109401.88,C2037269206,109401.88,0.0,C337579043,0.0,0.0,1,0
CASH_OUT,291519.84,C485214392,0.0,0.0,C1138105020,0.0,291519.84,1,0
TRANSFER,362152.77,C1484448573,362152.77,0.0,C1911678087,0.0,0.0,1,0
TRANSFER,26478.48,C1021627549,26478.48,0.0,C513494131,0.0,0.0,1,0
CASH_OUT,1828.6,C1848080177,1828.6,0.0,C760648951,615881.78,617710.37,1,0
CASH_OUT,414394.38,C2071113920,414394.38,0.0,C1967010241,900092.02,1314486.4,1,0
TRANSFER,128718.59,C1410879349,128718.59,0.0,C1386809119,0.0,0.0,1,0
CASH_OUT,1158373.23,C745199175,1158373.23,0.0,C593287282,4318604.9,5476978.13,1,0
TRANSFER,87219.11,C1011829657,87219.11,0.0,C452349512,0.0,0.0,1,0
CASH_OUT,294989.71,C1095002086,294989.71,0.0,C360215463,1657699.83,1952689.54,1,0
TRANSFER,1270564.34,C1268743025,1270564.34,0.0,C802302527,0.0,0.0,1,0
CASH_OUT,0.0,C539112012,0.0,0.0,C1106468520,538547.63,538547.63,1,0
TRANSFER,329728.11,C1588740494,329728.11,0.0,C827087701,0.0,0.0,1,0
CASH_OUT,417620.07,C281624402,417620.07,0.0,C197249105,0.0,417620.07,1,0
CASH_OUT,37119.58,C39621039,37119.58,0.0,C1336335026,0.0,37119.58,1,0
CASH_OUT,10000000.0,C1577276514,10000000.0,0.0,C1370100102,295862.46,10295862.46,1,0
CASH_OUT,74177.92,C146952243,74177.92,0.0,C570435842,79018.51,153196.43,1,0
TRANSFER,69039.64,C922622756,69039.64,0.0,C417851521,0.0,0.0,1,0
CASH_OUT,17569.42,C711027580,17569.42,0.0,C1812011934,276439.92,294009.34,1,0
TRANSFER,479892.04,C949573914,479892.04,0.0,C346346824,0.0,0.0,1,0
TRANSFER,629958.0,C465738897,629958.0,0.0,C289330473,0.0,0.0,1,0
TRANSFER,342120.59,C1280846631,342120.59,0.0,C1962241451,0.0,0.0,1,0
TRANSFER,345425.57,C1397090856,345425.57,0.0,C2119085039,0.0,0.0,1,0
CASH_OUT,144065.75,C1124206695,144065.75,0.0,C1419423459,203138.85,347204.6,1,0
CASH_OUT,459378.91,C1292819239,459378.91,0.0,C1301956941,1277879.14,1737258.05,1,0
CASH_OUT,61505.06,C1939346378,61505.06,0.0,C551669162,287479.07,348984.13,1,0
CASH_OUT,43308.07,C1516853965,43308.07,0.0,C678670921,289285.73,332593.8,1,0
TRANSFER,763913.96,C604295926,763913.96,0.0,C1097845207,0.0,0.0,1,0
CASH_OUT,355909.21,C2002728636,355909.21,0.0,C318788140,0.0,355909.21,1,0
CASH_OUT,148188.84,C198701564,148188.84,0.0,C492308077,194134.25,342323.08,1,0
CASH_OUT,4892226.25,C505947737,4892226.25,0.0,C1438698807,54435.33,4946661.58,1,0
CASH_OUT,5721871.91,C533511520,5721871.91,0.0,C226077337,146633.42,5868505.33,1,0
TRANSFER,8639.93,C160052939,8639.93,0.0,C671509828,0.0,0.0,1,0
CASH_OUT,120214.74,C1757210539,120214.74,0.0,C193366588,1512381.47,1632596.21,1,0
CASH_OUT,3200270.32,C199337547,3200270.32,0.0,C915485442,2000017.66,5200287.99,1,0
TRANSFER,73328.47,C2118127422,73328.47,0.0,C1915328569,0.0,0.0,1,0
TRANSFER,235512.2,C480136801,235512.2,0.0,C160106315,0.0,0.0,1,0
CASH_OUT,1868438.44,C715029330,1868438.44,0.0,C236534502,0.0,1868438.44,1,0
CASH_OUT,408864.84,C1558543265,408864.84,0.0,C577153262,0.0,408864.84,1,0
TRANSFER,830803.43,C1340873625,830803.43,0.0,C743070440,0.0,0.0,1,0
CASH_OUT,594229.77,C1951866325,594229.77,0.0,C1961052660,823098.06,1417327.83,1,0
CASH_OUT,2343696.85,C1652159172,2343696.85,0.0,C1212506708,158778.61,2502475.46,1,0
TRANSFER,171572.06,C1854902187,171572.06,0.0,C920320326,0.0,0.0,1,0
TRANSFER,259186.43,C1374344025,259186.43,0.0,C717552851,0.0,0.0,1,0
TRANSFER,2246118.53,C1389870393,2246118.53,0.0,C745454492,0.0,0.0,1,0
CASH_OUT,5101855.95,C2134692608,5101855.95,0.0,C775400277,145922.42,5247778.37,1,0
TRANSFER,302227.56,C648990331,302227.56,0.0,C1204258741,0.0,0.0,1,0
CASH_OUT,2776135.33,C718213394,2776135.33,0.0,C1307403006,0.0,2776135.33,1,0
CASH_OUT,43928.31,C2129914105,43928.31,0.0,C170080123,0.0,43928.31,1,0
TRANSFER,592737.43,C30736240,592737.43,0.0,C725738949,0.0,0.0,1,0
TRANSFER,40867.66,C92605772,40867.66,0.0,C296814369,0.0,0.0,1,0
TRANSFER,334276.08,C1374233613,334276.08,0.0,C443044241,0.0,0.0,1,0
CASH_OUT,0.0,C1960007029,0.0,0.0,C459118517,27938.72,27938.72,1,0
TRANSFER,839077.79,C593031414,839077.79,0.0,C556669926,0.0,0.0,1,0
TRANSFER,2395.29,C1015615322,2395.29,0.0,C503986394,0.0,0.0,1,0
CASH_OUT,2756011.78,C1736184082,2756011.78,0.0,C1711138117,148471.56,2904483.35,1,0
CASH_OUT,203874.62,C2016803098,203874.62,0.0,C1127806629,472690.19,676564.81,1,0
TRANSFER,212089.74,C378910639,212089.74,0.0,C1881567873,0.0,0.0,1,0
TRANSFER,1214511.61,C1579869749,1214511.61,0.0,C1291615113,0.0,0.0,1,0
CASH_OUT,55062.46,C983142202,55062.46,0.0,C204026282,0.0,55062.46,1,0
TRANSFER,95235.46,C727037964,95235.46,0.0,C2000632199,0.0,0.0,1,0
CASH_OUT,2874626.02,C369516790,2874626.02,0.0,C1646942207,60869.24,2935495.26,1,0
CASH_OUT,18627.02,C175961135,18627.02,0.0,C1711105800,147251.58,165878.6,1,0
CASH_OUT,248242.32,C120655142,248242.32,0.0,C670432443,8007.84,256250.16,1,0
CASH_OUT,40075.02,C1765193112,40075.02,0.0,C153506501,0.0,40075.02,1,0
TRANSFER,20111.45,C644302607,20111.45,0.0,C457206167,0.0,0.0,1,0
TRANSFER,1499869.54,C687615410,1499869.54,0.0,C1163176037,0.0,0.0,1,0
CASH_OUT,829286.58,C63485295,829286.58,0.0,C801090621,178393.69,1007680.27,1,0
CASH_OUT,938288.58,C1870394283,938288.58,0.0,C1006464744,0.0,938288.58,1,0
CASH_OUT,91655.26,C7511880,91655.26,0.0,C1495941646,133662.97,225318.23,1,0
TRANSFER,1186725.39,C1047335023,1186725.39,0.0,C1970958530,0.0,0.0,1,0
CASH_OUT,309254.05,C906689307,309254.05,0.0,C1018466821,218535.44,527789.5,1,0
CASH_OUT,286670.9,C468670582,286670.9,0.0,C1129467798,1028298.11,1314969.01,1,0
TRANSFER,3062506.58,C1883146038,3062506.58,0.0,C1829816934,0.0,0.0,1,0
CASH_OUT,1735525.5,C1181245591,1735525.5,0.0,C1457459211,0.0,1735525.5,1,0
TRANSFER,43308.07,C1244562453,43308.07,0.0,C1559662408,0.0,0.0,1,0
CASH_OUT,978362.97,C2043269100,978362.97,0.0,C702718253,123481.51,1101844.48,1,0
CASH_OUT,287720.41,C1152041857,287720.41,0.0,C1551847216,174700.67,462421.08,1,0
CASH_OUT,2108589.59,C759307305,2108589.59,0.0,C611078934,0.0,2108589.59,1,0
CASH_OUT,850002.52,C1280323807,850002.52,0.0,C873221189,6510099.11,7360101.63,1,0
TRANSFER,1764389.11,C108276530,1764389.11,0.0,C28074896,0.0,0.0,1,0
CASH_OUT,5494862.93,C1802007531,5494862.93,0.0,C1174309480,0.0,5494862.93,1,0
TRANSFER,740124.95,C2073636475,740124.95,0.0,C1794713001,0.0,0.0,1,0
CASH_OUT,283429.1,C1379628544,283429.1,0.0,C1897350199,1110.49,284539.58,1,0
TRANSFER,337287.72,C1022326247,337287.72,0.0,C426683536,0.0,0.0,1,0
CASH_OUT,3486005.08,C1300574911,3486005.08,0.0,C952807483,50634.59,3536639.67,1,0
CASH_OUT,226689.16,C98982423,226689.16,0.0,C229328572,173244.92,399934.08,1,0
TRANSFER,1290619.25,C1298336422,1290619.25,0.0,C66079679,0.0,0.0,1,0
CASH_OUT,98634.75,C1536726589,98634.75,0.0,C12493912,966049.7,1064684.45,1,0
CASH_OUT,1927403.83,C630013429,1927403.83,0.0,C1658435128,0.0,1927403.83,1,0
TRANSFER,10000000.0,C976919593,14953893.08,4953893.08,C769483130,0.0,0.0,1,0
CASH_OUT,75113.49,C209058213,75113.49,0.0,C1798476342,2401380.3,2476493.79,1,0
TRANSFER,1248344.84,C1311695181,1248344.84,0.0,C603927604,0.0,0.0,1,0
TRANSFER,6546019.0,C1767197728,6546019.0,0.0,C1526183462,0.0,0.0,1,0
CASH_OUT,227231.78,C1458716480,227231.78,0.0,C1926682191,1606681.0,1833912.79,1,0
TRANSFER,171337.99,C239155420,171337.99,0.0,C780047306,0.0,0.0,1,0
CASH_OUT,84480.05,C1511318638,84480.05,0.0,C540530453,4455890.61,4540370.65,1,0
CASH_OUT,382960.64,C749254504,382960.64,0.0,C715462107,1639101.01,2022061.64,1,0
CASH_OUT,1773151.32,C1093594459,1773151.32,0.0,C50284383,775203.68,2548354.99,1,0
CASH_OUT,2600970.32,C1015856166,2600970.32,0.0,C1424612838,2111795.89,4712766.22,1,0
TRANSFER,2050727.81,C721700955,2050727.81,0.0,C1996747267,0.0,0.0,1,0
TRANSFER,2189170.39,C90164537,2189170.39,0.0,C814466553,0.0,0.0,1,0
TRANSFER,36942.13,C1878038300,36942.13,0.0,C1256363889,0.0,0.0,1,0
TRANSFER,2757431.53,C1340596396,2757431.53,0.0,C487414422,0.0,0.0,1,0
CASH_OUT,4993938.87,C1437493877,4993938.87,0.0,C489326905,743498.25,5737437.12,1,0
CASH_OUT,1796069.2,C997942901,1796069.2,0.0,C1057783924,0.0,1796069.2,1,0
CASH_OUT,333082.71,C1816884932,333082.71,0.0,C2028261196,122730.47,455813.18,1,0
CASH_OUT,195708.55,C556303887,195708.55,0.0,C1248449720,5705050.51,5900759.07,1,0
CASH_OUT,231161.48,C1416902922,231161.48,0.0,C103115426,0.0,231161.48,1,0
CASH_OUT,32660.58,C460303753,32660.58,0.0,C1656286463,0.0,32660.58,1,0
CASH_OUT,2249574.01,C758510706,2249574.01,0.0,C1011054162,3785286.98,6034861.0,1,0
TRANSFER,202263.03,C1189212996,202263.03,0.0,C632437973,0.0,0.0,1,0
TRANSFER,223730.4,C734008057,223730.4,0.0,C1763626980,0.0,0.0,1,0
TRANSFER,50279.4,C260298539,50279.4,0.0,C1861429530,0.0,0.0,1,0
CASH_OUT,6392.08,C1902385842,6392.08,0.0,C1731942793,0.0,6392.08,1,0
TRANSFER,850530.59,C1303640793,850530.59,0.0,C2112578501,0.0,0.0,1,0
CASH_OUT,2339743.18,C1675131101,2339743.18,0.0,C550055858,0.0,2339743.18,1,0
TRANSFER,164.0,C1455969984,164.0,0.0,C2119910556,0.0,0.0,1,0
TRANSFER,10000000.0,C239857977,14892193.09,4892193.09,C1021550383,0.0,0.0,1,0
CASH_OUT,82971.91,C522399382,82971.91,0.0,C509018542,39316.96,122288.87,1,0
CASH_OUT,8020192.15,C1073081182,8020192.15,0.0,C797209152,2435.09,8022627.23,1,0
TRANSFER,309488.9,C296795076,309488.9,0.0,C658980177,0.0,0.0,1,0
TRANSFER,2758096.0,C1294538821,2758096.0,0.0,C651427607,0.0,0.0,1,0
CASH_OUT,86002.09,C1363187770,86002.09,0.0,C1320785064,0.0,86002.09,1,0
TRANSFER,145982.36,C1538706817,145982.36,0.0,C1455294114,0.0,0.0,1,0
CASH_OUT,132943.98,C1645390284,132943.98,0.0,C1108748738,0.0,132943.98,1,0
TRANSFER,18042.11,C977625973,18042.11,0.0,C1844577837,0.0,0.0,1,0
TRANSFER,159106.12,C1424958936,159106.12,0.0,C1471537489,0.0,0.0,1,0
TRANSFER,645104.5,C986606051,645104.5,0.0,C175407589,0.0,0.0,1,0
TRANSFER,29707.86,C1825456600,29707.86,0.0,C570409417,0.0,0.0,1,0
TRANSFER,10000000.0,C298387535,13019699.77,3019699.77,C662194461,0.0,0.0,1,0
TRANSFER,10000000.0,C1619838170,39585040.37,29585040.37,C1934167334,0.0,0.0,1,0
CASH_OUT,332.36,C1803700149,332.36,0.0,C1702786373,195086.54,195418.9,1,0
TRANSFER,244068.01,C1087133093,244068.01,0.0,C1855553543,0.0,0.0,1,0
TRANSFER,408864.84,C1831363253,408864.84,0.0,C2045273924,0.0,0.0,1,0
TRANSFER,2571605.04,C991826252,2571605.04,0.0,C2045424554,0.0,0.0,1,0
CASH_OUT,1421665.98,C467140343,1421665.98,0.0,C1583441435,0.0,1421665.98,1,0
TRANSFER,349627.64,C246515037,349627.64,0.0,C1455585247,0.0,0.0,1,0
CASH_OUT,1749325.14,C1029257629,1749325.14,0.0,C1200877577,1327198.86,3076524.0,1,0
TRANSFER,59649.33,C1049687775,59649.33,0.0,C1071460933,0.0,0.0,1,0
